This is pdfTeX, Version 3.141592653-2.6-1.40.29 (TeX Live 2026/Homebrew) (preloaded format=pdflatex 2026.3.4)  21 MAY 2026 10:04
entering extended mode
 restricted \write18 enabled.
 file:line:error style messages enabled.
 %&-line parsing enabled.
**/Users/reucalion/Desktop/deep-learning-notes-poliba/main.tex
(/Users/reucalion/Desktop/deep-learning-notes-poliba/main.tex
LaTeX2e <2025-11-01>
L3 programming layer <2026-01-19>
(/opt/homebrew/Cellar/texlive/20260301/share/texmf-dist/tex/latex/base/report.cls
Document Class: report 2025/01/22 v1.4n Standard LaTeX document class
(/opt/homebrew/Cellar/texlive/20260301/share/texmf-dist/tex/latex/base/size12.clo
File: size12.clo 2025/01/22 v1.4n Standard LaTeX file (size option)
)
\c@part=\count275
\c@chapter=\count276
\c@section=\count277
\c@subsection=\count278
\c@subsubsection=\count279
\c@paragraph=\count280
\c@subparagraph=\count281
\c@figure=\count282
\c@table=\count283
\abovecaptionskip=\skip49
\belowcaptionskip=\skip50
\bibindent=\dimen148
) (/opt/homebrew/Cellar/texlive/20260301/share/texmf-dist/tex/latex/base/fontenc.sty
Package: fontenc 2025/07/18 v2.1d Standard LaTeX package
) (/opt/homebrew/Cellar/texlive/20260301/share/texmf-dist/tex/latex/base/inputenc.sty
Package: inputenc 2024/02/08 v1.3d Input encoding file
\inpenc@prehook=\toks17
\inpenc@posthook=\toks18
) (/opt/homebrew/Cellar/texlive/20260301/share/texmf-dist/tex/generic/babel/babel.sty
Package: babel 2026/02/14 v26.3 The multilingual framework for LuaLaTeX, pdfLaTeX and XeLaTeX
\babel@savecnt=\count284
LaTeX Encoding Info:    Redeclaring text command \ij (encoding OT1) on input line 2078.
LaTeX Encoding Info:    Redeclaring text command \IJ (encoding OT1) on input line 2080.
LaTeX Encoding Info:    Redeclaring text command \ij (encoding T1) on input line 2082.
LaTeX Encoding Info:    Redeclaring text command \IJ (encoding T1) on input line 2083.
LaTeX Encoding Info:    Ignoring declaration for text command \ij (encoding ?) on input line 2084.
LaTeX Encoding Info:    Ignoring declaration for text command \IJ (encoding ?) on input line 2086.
LaTeX Encoding Info:    Ignoring declaration for text command \SS (encoding ?) on input line 2111.
\U@D=\dimen149
\l@unhyphenated=\language91
 (/opt/homebrew/Cellar/texlive/20260301/share/texmf-dist/tex/generic/babel/txtbabel.def)
\bbl@readstream=\read2
\bbl@dirlevel=\count285
 (/opt/homebrew/Cellar/texlive/20260301/share/texmf-dist/tex/generic/babel/locale/it/babel-italian.tex)
Package babel Info: Importing data for italian
(babel)             from babel-it.ini. Reported on input line 4330.
) (/opt/homebrew/Cellar/texlive/20260301/share/texmf-dist/tex/latex/geometry/geometry.sty
Package: geometry 2020/01/02 v5.9 Page Geometry
 (/opt/homebrew/Cellar/texlive/20260301/share/texmf-dist/tex/latex/graphics/keyval.sty
Package: keyval 2022/05/29 v1.15 key=value parser (DPC)
\KV@toks@=\toks19
) (/opt/homebrew/Cellar/texlive/20260301/share/texmf-dist/tex/generic/iftex/ifvtex.sty
Package: ifvtex 2019/10/25 v1.7 ifvtex legacy package. Use iftex instead.
 (/opt/homebrew/Cellar/texlive/20260301/share/texmf-dist/tex/generic/iftex/iftex.sty
Package: iftex 2024/12/12 v1.0g TeX engine tests
))
\Gm@cnth=\count286
\Gm@cntv=\count287
\c@Gm@tempcnt=\count288
\Gm@bindingoffset=\dimen150
\Gm@wd@mp=\dimen151
\Gm@odd@mp=\dimen152
\Gm@even@mp=\dimen153
\Gm@layoutwidth=\dimen154
\Gm@layoutheight=\dimen155
\Gm@layouthoffset=\dimen156
\Gm@layoutvoffset=\dimen157
\Gm@dimlist=\toks20
) (/opt/homebrew/Cellar/texlive/20260301/share/texmf-dist/tex/latex/amsmath/amsmath.sty
Package: amsmath 2025/07/09 v2.17z AMS math features
\@mathmargin=\skip51

For additional information on amsmath, use the `?' option.
(/opt/homebrew/Cellar/texlive/20260301/share/texmf-dist/tex/latex/amsmath/amstext.sty
Package: amstext 2024/11/17 v2.01 AMS text
 (/opt/homebrew/Cellar/texlive/20260301/share/texmf-dist/tex/latex/amsmath/amsgen.sty
File: amsgen.sty 1999/11/30 v2.0 generic functions
\@emptytoks=\toks21
\ex@=\dimen158
)) (/opt/homebrew/Cellar/texlive/20260301/share/texmf-dist/tex/latex/amsmath/amsbsy.sty
Package: amsbsy 1999/11/29 v1.2d Bold Symbols
\pmbraise@=\dimen159
) (/opt/homebrew/Cellar/texlive/20260301/share/texmf-dist/tex/latex/amsmath/amsopn.sty
Package: amsopn 2022/04/08 v2.04 operator names
)
\inf@bad=\count289
LaTeX Info: Redefining \frac on input line 233.
\uproot@=\count290
\leftroot@=\count291
LaTeX Info: Redefining \overline on input line 398.
LaTeX Info: Redefining \colon on input line 409.
\classnum@=\count292
\DOTSCASE@=\count293
LaTeX Info: Redefining \ldots on input line 495.
LaTeX Info: Redefining \dots on input line 498.
LaTeX Info: Redefining \cdots on input line 619.
\Mathstrutbox@=\box53
\strutbox@=\box54
LaTeX Info: Redefining \big on input line 721.
LaTeX Info: Redefining \Big on input line 722.
LaTeX Info: Redefining \bigg on input line 723.
LaTeX Info: Redefining \Bigg on input line 724.
\big@size=\dimen160
LaTeX Font Info:    Redeclaring font encoding OML on input line 742.
LaTeX Font Info:    Redeclaring font encoding OMS on input line 743.
\macc@depth=\count294
LaTeX Info: Redefining \bmod on input line 904.
LaTeX Info: Redefining \pmod on input line 909.
LaTeX Info: Redefining \smash on input line 939.
LaTeX Info: Redefining \relbar on input line 969.
LaTeX Info: Redefining \Relbar on input line 970.
\c@MaxMatrixCols=\count295
\dotsspace@=\muskip17
\c@parentequation=\count296
\dspbrk@lvl=\count297
\tag@help=\toks22
\row@=\count298
\column@=\count299
\maxfields@=\count300
\andhelp@=\toks23
\eqnshift@=\dimen161
\alignsep@=\dimen162
\tagshift@=\dimen163
\tagwidth@=\dimen164
\totwidth@=\dimen165
\lineht@=\dimen166
\@envbody=\toks24
\multlinegap=\skip52
\multlinetaggap=\skip53
\mathdisplay@stack=\toks25
LaTeX Info: Redefining \[ on input line 2950.
LaTeX Info: Redefining \] on input line 2951.
) (/opt/homebrew/Cellar/texlive/20260301/share/texmf-dist/tex/latex/amsfonts/amssymb.sty
Package: amssymb 2013/01/14 v3.01 AMS font symbols
 (/opt/homebrew/Cellar/texlive/20260301/share/texmf-dist/tex/latex/amsfonts/amsfonts.sty
Package: amsfonts 2013/01/14 v3.01 Basic AMSFonts support
\symAMSa=\mathgroup4
\symAMSb=\mathgroup5
LaTeX Font Info:    Redeclaring math symbol \hbar on input line 98.
LaTeX Font Info:    Overwriting math alphabet `\mathfrak' in version `bold'
(Font)                  U/euf/m/n --> U/euf/b/n on input line 106.
)) (/opt/homebrew/Cellar/texlive/20260301/share/texmf-dist/tex/latex/mathtools/mathtools.sty
Package: mathtools 2024/10/04 v1.31 mathematical typesetting tools
 (/opt/homebrew/Cellar/texlive/20260301/share/texmf-dist/tex/latex/tools/calc.sty
Package: calc 2025/03/01 v4.3b Infix arithmetic (KKT,FJ)
\calc@Acount=\count301
\calc@Bcount=\count302
\calc@Adimen=\dimen167
\calc@Bdimen=\dimen168
\calc@Askip=\skip54
\calc@Bskip=\skip55
LaTeX Info: Redefining \setlength on input line 86.
LaTeX Info: Redefining \addtolength on input line 87.
\calc@Ccount=\count303
\calc@Cskip=\skip56
) (/opt/homebrew/Cellar/texlive/20260301/share/texmf-dist/tex/latex/mathtools/mhsetup.sty
Package: mhsetup 2021/03/18 v1.4 programming setup (MH)
)
\g_MT_multlinerow_int=\count304
\l_MT_multwidth_dim=\dimen169
\origjot=\skip57
\l_MT_shortvdotswithinadjustabove_dim=\dimen170
\l_MT_shortvdotswithinadjustbelow_dim=\dimen171
\l_MT_above_intertext_sep=\dimen172
\l_MT_below_intertext_sep=\dimen173
\l_MT_above_shortintertext_sep=\dimen174
\l_MT_below_shortintertext_sep=\dimen175
\xmathstrut@box=\box55
\xmathstrut@dim=\dimen176
) (/opt/homebrew/Cellar/texlive/20260301/share/texmf-dist/tex/latex/tools/bm.sty
Package: bm 2025/10/21 v1.2g Bold Symbol Support (DPC/FMi)
\symboldoperators=\mathgroup6
\symboldletters=\mathgroup7
\symboldsymbols=\mathgroup8
Package bm Info: No bold for \OMX/cmex/m/n, using \pmb.
Package bm Info: No bold for \U/msa/m/n, using \pmb.
Package bm Info: No bold for \U/msb/m/n, using \pmb.
LaTeX Font Info:    Redeclaring math alphabet \mathbf on input line 149.
) (/opt/homebrew/Cellar/texlive/20260301/share/texmf-dist/tex/latex/graphics/graphicx.sty
Package: graphicx 2024/12/31 v1.2e Enhanced LaTeX Graphics (DPC,SPQR)
 (/opt/homebrew/Cellar/texlive/20260301/share/texmf-dist/tex/latex/graphics/graphics.sty
Package: graphics 2024/08/06 v1.4g Standard LaTeX Graphics (DPC,SPQR)
 (/opt/homebrew/Cellar/texlive/20260301/share/texmf-dist/tex/latex/graphics/trig.sty
Package: trig 2023/12/02 v1.11 sin cos tan (DPC)
) (/opt/homebrew/Cellar/texlive/20260301/share/texmf-dist/tex/latex/graphics-cfg/graphics.cfg
File: graphics.cfg 2016/06/04 v1.11 sample graphics configuration
)
Package graphics Info: Driver file: pdftex.def on input line 106.
 (/opt/homebrew/Cellar/texlive/20260301/share/texmf-dist/tex/latex/graphics-def/pdftex.def
File: pdftex.def 2025/09/29 v1.2d Graphics/color driver for pdftex
))
\Gin@req@height=\dimen177
\Gin@req@width=\dimen178
) (/opt/homebrew/Cellar/texlive/20260301/share/texmf-dist/tex/latex/float/float.sty
Package: float 2001/11/08 v1.3d Float enhancements (AL)
\c@float@type=\count305
\float@exts=\toks26
\float@box=\box56
\@float@everytoks=\toks27
\@floatcapt=\box57
) (/opt/homebrew/Cellar/texlive/20260301/share/texmf-dist/tex/latex/booktabs/booktabs.sty
Package: booktabs 2020/01/12 v1.61803398 Publication quality tables
\heavyrulewidth=\dimen179
\lightrulewidth=\dimen180
\cmidrulewidth=\dimen181
\belowrulesep=\dimen182
\belowbottomsep=\dimen183
\aboverulesep=\dimen184
\abovetopsep=\dimen185
\cmidrulesep=\dimen186
\cmidrulekern=\dimen187
\defaultaddspace=\dimen188
\@cmidla=\count306
\@cmidlb=\count307
\@aboverulesep=\dimen189
\@belowrulesep=\dimen190
\@thisruleclass=\count308
\@lastruleclass=\count309
\@thisrulewidth=\dimen191
) (/opt/homebrew/Cellar/texlive/20260301/share/texmf-dist/tex/latex/tools/array.sty
Package: array 2025/09/25 v2.6n Tabular extension package (FMi)
\col@sep=\dimen192
\ar@mcellbox=\box58
\extrarowheight=\dimen193
\NC@list=\toks28
\extratabsurround=\skip58
\backup@length=\skip59
\ar@cellbox=\box59
) (/opt/homebrew/Cellar/texlive/20260301/share/texmf-dist/tex/latex/xcolor/xcolor.sty
Package: xcolor 2024/09/29 v3.02 LaTeX color extensions (UK)
 (/opt/homebrew/Cellar/texlive/20260301/share/texmf-dist/tex/latex/graphics-cfg/color.cfg
File: color.cfg 2016/01/02 v1.6 sample color configuration
)
Package xcolor Info: Driver file: pdftex.def on input line 274.
 (/opt/homebrew/Cellar/texlive/20260301/share/texmf-dist/tex/latex/graphics/mathcolor.ltx)
Package xcolor Info: Model `cmy' substituted by `cmy0' on input line 1349.
Package xcolor Info: Model `hsb' substituted by `rgb' on input line 1353.
Package xcolor Info: Model `RGB' extended on input line 1365.
Package xcolor Info: Model `HTML' substituted by `rgb' on input line 1367.
Package xcolor Info: Model `Hsb' substituted by `hsb' on input line 1368.
Package xcolor Info: Model `tHsb' substituted by `hsb' on input line 1369.
Package xcolor Info: Model `HSB' substituted by `hsb' on input line 1370.
Package xcolor Info: Model `Gray' substituted by `gray' on input line 1371.
Package xcolor Info: Model `wave' substituted by `hsb' on input line 1372.
) (/opt/homebrew/Cellar/texlive/20260301/share/texmf-dist/tex/latex/hyperref/hyperref.sty
Package: hyperref 2026-01-29 v7.01p Hypertext links for LaTeX
 (/opt/homebrew/Cellar/texlive/20260301/share/texmf-dist/tex/latex/kvsetkeys/kvsetkeys.sty
Package: kvsetkeys 2022-10-05 v1.19 Key value parser (HO)
) (/opt/homebrew/Cellar/texlive/20260301/share/texmf-dist/tex/generic/kvdefinekeys/kvdefinekeys.sty
Package: kvdefinekeys 2019-12-19 v1.6 Define keys (HO)
) (/opt/homebrew/Cellar/texlive/20260301/share/texmf-dist/tex/generic/pdfescape/pdfescape.sty
Package: pdfescape 2019/12/09 v1.15 Implements pdfTeX's escape features (HO)
 (/opt/homebrew/Cellar/texlive/20260301/share/texmf-dist/tex/generic/ltxcmds/ltxcmds.sty
Package: ltxcmds 2023-12-04 v1.26 LaTeX kernel commands for general use (HO)
) (/opt/homebrew/Cellar/texlive/20260301/share/texmf-dist/tex/generic/pdftexcmds/pdftexcmds.sty
Package: pdftexcmds 2020-06-27 v0.33 Utility functions of pdfTeX for LuaTeX (HO)
 (/opt/homebrew/Cellar/texlive/20260301/share/texmf-dist/tex/generic/infwarerr/infwarerr.sty
Package: infwarerr 2019/12/03 v1.5 Providing info/warning/error messages (HO)
)
Package pdftexcmds Info: \pdf@primitive is available.
Package pdftexcmds Info: \pdf@ifprimitive is available.
Package pdftexcmds Info: \pdfdraftmode found.
)) (/opt/homebrew/Cellar/texlive/20260301/share/texmf-dist/tex/latex/hycolor/hycolor.sty
Package: hycolor 2020-01-27 v1.10 Color options for hyperref/bookmark (HO)
) (/opt/homebrew/Cellar/texlive/20260301/share/texmf-dist/tex/latex/hyperref/nameref.sty
Package: nameref 2026-01-29 v2.58 Cross-referencing by name of section
 (/opt/homebrew/Cellar/texlive/20260301/share/texmf-dist/tex/latex/refcount/refcount.sty
Package: refcount 2019/12/15 v3.6 Data extraction from label references (HO)
) (/opt/homebrew/Cellar/texlive/20260301/share/texmf-dist/tex/generic/gettitlestring/gettitlestring.sty
Package: gettitlestring 2019/12/15 v1.6 Cleanup title references (HO)
 (/opt/homebrew/Cellar/texlive/20260301/share/texmf-dist/tex/latex/kvoptions/kvoptions.sty
Package: kvoptions 2022-06-15 v3.15 Key value format for package options (HO)
))
\c@section@level=\count310
) (/opt/homebrew/Cellar/texlive/20260301/share/texmf-dist/tex/latex/etoolbox/etoolbox.sty
Package: etoolbox 2025/10/02 v2.5m e-TeX tools for LaTeX (JAW)
\etb@tempcnta=\count311
) (/opt/homebrew/Cellar/texlive/20260301/share/texmf-dist/tex/generic/stringenc/stringenc.sty
Package: stringenc 2019/11/29 v1.12 Convert strings between diff. encodings (HO)
)
\@linkdim=\dimen194
\Hy@linkcounter=\count312
\Hy@pagecounter=\count313
 (/opt/homebrew/Cellar/texlive/20260301/share/texmf-dist/tex/latex/hyperref/pd1enc.def
File: pd1enc.def 2026-01-29 v7.01p Hyperref: PDFDocEncoding definition (HO)
Now handling font encoding PD1 ...
... no UTF-8 mapping file for font encoding PD1
) (/opt/homebrew/Cellar/texlive/20260301/share/texmf-dist/tex/generic/intcalc/intcalc.sty
Package: intcalc 2019/12/15 v1.3 Expandable calculations with integers (HO)
)
\Hy@SavedSpaceFactor=\count314
 (/opt/homebrew/Cellar/texlive/20260301/share/texmf-dist/tex/latex/hyperref/puenc.def
File: puenc.def 2026-01-29 v7.01p Hyperref: PDF Unicode definition (HO)
Now handling font encoding PU ...
... no UTF-8 mapping file for font encoding PU
)
Package hyperref Info: Option `colorlinks' set `true' on input line 4072.
Package hyperref Info: Hyper figures OFF on input line 4201.
Package hyperref Info: Link nesting OFF on input line 4206.
Package hyperref Info: Hyper index ON on input line 4209.
Package hyperref Info: Plain pages OFF on input line 4216.
Package hyperref Info: Backreferencing OFF on input line 4221.
Package hyperref Info: Implicit mode ON; LaTeX internals redefined.
Package hyperref Info: Bookmarks ON on input line 4468.
\c@Hy@tempcnt=\count315
 (/opt/homebrew/Cellar/texlive/20260301/share/texmf-dist/tex/latex/url/url.sty
\Urlmuskip=\muskip18
Package: url 2013/09/16  ver 3.4  Verb mode for urls, etc.
)
LaTeX Info: Redefining \url on input line 4807.
\XeTeXLinkMargin=\dimen195
 (/opt/homebrew/Cellar/texlive/20260301/share/texmf-dist/tex/generic/bitset/bitset.sty
Package: bitset 2019/12/09 v1.3 Handle bit-vector datatype (HO)
 (/opt/homebrew/Cellar/texlive/20260301/share/texmf-dist/tex/generic/bigintcalc/bigintcalc.sty
Package: bigintcalc 2019/12/15 v1.5 Expandable calculations on big integers (HO)
))
\Fld@menulength=\count316
\Field@Width=\dimen196
\Fld@charsize=\dimen197
Package hyperref Info: Hyper figures OFF on input line 6084.
Package hyperref Info: Link nesting OFF on input line 6089.
Package hyperref Info: Hyper index ON on input line 6092.
Package hyperref Info: backreferencing OFF on input line 6099.
Package hyperref Info: Link coloring ON on input line 6102.
Package hyperref Info: Link coloring with OCG OFF on input line 6109.
Package hyperref Info: PDF/A mode OFF on input line 6114.
\Hy@abspage=\count317
\c@Item=\count318
\c@Hfootnote=\count319
)
Package hyperref Info: Driver (autodetected): hpdftex.
 (/opt/homebrew/Cellar/texlive/20260301/share/texmf-dist/tex/latex/hyperref/hpdftex.def
File: hpdftex.def 2026-01-29 v7.01p Hyperref driver for pdfTeX
\Fld@listcount=\count320
\c@bookmark@seq@number=\count321
 (/opt/homebrew/Cellar/texlive/20260301/share/texmf-dist/tex/latex/rerunfilecheck/rerunfilecheck.sty
Package: rerunfilecheck 2025-06-21 v1.11 Rerun checks for auxiliary files (HO)
 (/opt/homebrew/Cellar/texlive/20260301/share/texmf-dist/tex/generic/uniquecounter/uniquecounter.sty
Package: uniquecounter 2019/12/15 v1.4 Provide unlimited unique counter (HO)
)
Package uniquecounter Info: New unique counter `rerunfilecheck' on input line 284.
)
\Hy@SectionHShift=\skip60
) (/opt/homebrew/Cellar/texlive/20260301/share/texmf-dist/tex/latex/enumitem/enumitem.sty
Package: enumitem 2025/02/06 v3.11 Customized lists
\labelindent=\skip61
\enit@outerparindent=\dimen198
\enit@toks=\toks29
\enit@inbox=\box60
\enit@count@id=\count322
\enitdp@description=\count323
) (/opt/homebrew/Cellar/texlive/20260301/share/texmf-dist/tex/latex/fancyhdr/fancyhdr.sty
Package: fancyhdr 2025/02/07 v5.2 Extensive control of page headers and footers
\f@nch@headwidth=\skip62
\f@nch@offset@elh=\skip63
\f@nch@offset@erh=\skip64
\f@nch@offset@olh=\skip65
\f@nch@offset@orh=\skip66
\f@nch@offset@elf=\skip67
\f@nch@offset@erf=\skip68
\f@nch@offset@olf=\skip69
\f@nch@offset@orf=\skip70
\f@nch@height=\skip71
\f@nch@footalignment=\skip72
\f@nch@widthL=\skip73
\f@nch@widthC=\skip74
\f@nch@widthR=\skip75
\@temptokenb=\toks30
) (/opt/homebrew/Cellar/texlive/20260301/share/texmf-dist/tex/latex/listings/listings.sty
\lst@mode=\count324
\lst@gtempboxa=\box61
\lst@token=\toks31
\lst@length=\count325
\lst@currlwidth=\dimen199
\lst@column=\count326
\lst@pos=\count327
\lst@lostspace=\dimen256
\lst@width=\dimen257
\lst@newlines=\count328
\lst@lineno=\count329
\lst@maxwidth=\dimen258
 (/opt/homebrew/Cellar/texlive/20260301/share/texmf-dist/tex/latex/listings/lstpatch.sty
File: lstpatch.sty 2025/11/14 1.11b (Carsten Heinz)
) (/opt/homebrew/Cellar/texlive/20260301/share/texmf-dist/tex/latex/listings/lstmisc.sty
File: lstmisc.sty 2025/11/14 1.11b (Carsten Heinz)
\c@lstnumber=\count330
\lst@skipnumbers=\count331
\lst@framebox=\box62
) (/opt/homebrew/Cellar/texlive/20260301/share/texmf-dist/tex/latex/listings/listings.cfg
File: listings.cfg 2025/11/14 1.11b listings configuration
))
Package: listings 2025/11/14 1.11b (Carsten Heinz)

==> First Aid for listings.sty no longer applied!
    Expected:
        2024/09/23 1.10c (Carsten Heinz)
    but found:
        2025/11/14 1.11b (Carsten Heinz)
    so I'm assuming it got fixed.
(/opt/homebrew/Cellar/texlive/20260301/share/texmf-dist/tex/latex/tcolorbox/tcolorbox.sty
Package: tcolorbox 2025/11/28 version 6.9.0 text color boxes
 (/opt/homebrew/Cellar/texlive/20260301/share/texmf-dist/tex/latex/pgf/frontendlayer/tikz.sty (/opt/homebrew/Cellar/texlive/20260301/share/texmf-dist/tex/latex/pgf/basiclayer/pgf.sty (/opt/homebrew/Cellar/texlive/20260301/share/texmf-dist/tex/latex/pgf/utilities/pgfrcs.sty (/opt/homebrew/Cellar/texlive/20260301/share/texmf-dist/tex/generic/pgf/utilities/pgfutil-common.tex
\pgfutil@everybye=\toks32
\pgfutil@tempdima=\dimen259
\pgfutil@tempdimb=\dimen260
) (/opt/homebrew/Cellar/texlive/20260301/share/texmf-dist/tex/generic/pgf/utilities/pgfutil-latex.def
\pgfutil@abb=\box63
) (/opt/homebrew/Cellar/texlive/20260301/share/texmf-dist/tex/generic/pgf/utilities/pgfrcs.code.tex (/opt/homebrew/Cellar/texlive/20260301/share/texmf-dist/tex/generic/pgf/pgf.revision.tex)
Package: pgfrcs 2025-08-29 v3.1.11a (3.1.11a)
))
Package: pgf 2025-08-29 v3.1.11a (3.1.11a)
 (/opt/homebrew/Cellar/texlive/20260301/share/texmf-dist/tex/latex/pgf/basiclayer/pgfcore.sty (/opt/homebrew/Cellar/texlive/20260301/share/texmf-dist/tex/latex/pgf/systemlayer/pgfsys.sty (/opt/homebrew/Cellar/texlive/20260301/share/texmf-dist/tex/generic/pgf/systemlayer/pgfsys.code.tex
Package: pgfsys 2025-08-29 v3.1.11a (3.1.11a)
 (/opt/homebrew/Cellar/texlive/20260301/share/texmf-dist/tex/generic/pgf/utilities/pgfkeys.code.tex
\pgfkeys@pathtoks=\toks33
\pgfkeys@temptoks=\toks34
 (/opt/homebrew/Cellar/texlive/20260301/share/texmf-dist/tex/generic/pgf/utilities/pgfkeyslibraryfiltered.code.tex
\pgfkeys@tmptoks=\toks35
))
\pgf@x=\dimen261
\pgf@y=\dimen262
\pgf@xa=\dimen263
\pgf@ya=\dimen264
\pgf@xb=\dimen265
\pgf@yb=\dimen266
\pgf@xc=\dimen267
\pgf@yc=\dimen268
\pgf@xd=\dimen269
\pgf@yd=\dimen270
\w@pgf@writea=\write3
\r@pgf@reada=\read3
\c@pgf@counta=\count332
\c@pgf@countb=\count333
\c@pgf@countc=\count334
\c@pgf@countd=\count335
\t@pgf@toka=\toks36
\t@pgf@tokb=\toks37
\t@pgf@tokc=\toks38
\pgf@sys@id@count=\count336
 (/opt/homebrew/Cellar/texlive/20260301/share/texmf-dist/tex/generic/pgf/systemlayer/pgf.cfg
File: pgf.cfg 2025-08-29 v3.1.11a (3.1.11a)
)
Driver file for pgf: pgfsys-pdftex.def
 (/opt/homebrew/Cellar/texlive/20260301/share/texmf-dist/tex/generic/pgf/systemlayer/pgfsys-pdftex.def
File: pgfsys-pdftex.def 2025-08-29 v3.1.11a (3.1.11a)
 (/opt/homebrew/Cellar/texlive/20260301/share/texmf-dist/tex/generic/pgf/systemlayer/pgfsys-common-pdf.def
File: pgfsys-common-pdf.def 2025-08-29 v3.1.11a (3.1.11a)
))) (/opt/homebrew/Cellar/texlive/20260301/share/texmf-dist/tex/generic/pgf/systemlayer/pgfsyssoftpath.code.tex
File: pgfsyssoftpath.code.tex 2025-08-29 v3.1.11a (3.1.11a)
\pgfsyssoftpath@smallbuffer@items=\count337
\pgfsyssoftpath@bigbuffer@items=\count338
) (/opt/homebrew/Cellar/texlive/20260301/share/texmf-dist/tex/generic/pgf/systemlayer/pgfsysprotocol.code.tex
File: pgfsysprotocol.code.tex 2025-08-29 v3.1.11a (3.1.11a)
)) (/opt/homebrew/Cellar/texlive/20260301/share/texmf-dist/tex/generic/pgf/basiclayer/pgfcore.code.tex
Package: pgfcore 2025-08-29 v3.1.11a (3.1.11a)
 (/opt/homebrew/Cellar/texlive/20260301/share/texmf-dist/tex/generic/pgf/math/pgfmath.code.tex (/opt/homebrew/Cellar/texlive/20260301/share/texmf-dist/tex/generic/pgf/math/pgfmathutil.code.tex) (/opt/homebrew/Cellar/texlive/20260301/share/texmf-dist/tex/generic/pgf/math/pgfmathparser.code.tex
\pgfmath@dimen=\dimen271
\pgfmath@count=\count339
\pgfmath@box=\box64
\pgfmath@toks=\toks39
\pgfmath@stack@operand=\toks40
\pgfmath@stack@operation=\toks41
) (/opt/homebrew/Cellar/texlive/20260301/share/texmf-dist/tex/generic/pgf/math/pgfmathfunctions.code.tex) (/opt/homebrew/Cellar/texlive/20260301/share/texmf-dist/tex/generic/pgf/math/pgfmathfunctions.basic.code.tex) (/opt/homebrew/Cellar/texlive/20260301/share/texmf-dist/tex/generic/pgf/math/pgfmathfunctions.trigonometric.code.tex) (/opt/homebrew/Cellar/texlive/20260301/share/texmf-dist/tex/generic/pgf/math/pgfmathfunctions.random.code.tex) (/opt/homebrew/Cellar/texlive/20260301/share/texmf-dist/tex/generic/pgf/math/pgfmathfunctions.comparison.code.tex) (/opt/homebrew/Cellar/texlive/20260301/share/texmf-dist/tex/generic/pgf/math/pgfmathfunctions.base.code.tex) (/opt/homebrew/Cellar/texlive/20260301/share/texmf-dist/tex/generic/pgf/math/pgfmathfunctions.round.code.tex) (/opt/homebrew/Cellar/texlive/20260301/share/texmf-dist/tex/generic/pgf/math/pgfmathfunctions.misc.code.tex) (/opt/homebrew/Cellar/texlive/20260301/share/texmf-dist/tex/generic/pgf/math/pgfmathfunctions.integerarithmetics.code.tex) (/opt/homebrew/Cellar/texlive/20260301/share/texmf-dist/tex/generic/pgf/math/pgfmathcalc.code.tex) (/opt/homebrew/Cellar/texlive/20260301/share/texmf-dist/tex/generic/pgf/math/pgfmathfloat.code.tex
\c@pgfmathroundto@lastzeros=\count340
)) (/opt/homebrew/Cellar/texlive/20260301/share/texmf-dist/tex/generic/pgf/math/pgfint.code.tex) (/opt/homebrew/Cellar/texlive/20260301/share/texmf-dist/tex/generic/pgf/basiclayer/pgfcorepoints.code.tex
File: pgfcorepoints.code.tex 2025-08-29 v3.1.11a (3.1.11a)
\pgf@picminx=\dimen272
\pgf@picmaxx=\dimen273
\pgf@picminy=\dimen274
\pgf@picmaxy=\dimen275
\pgf@pathminx=\dimen276
\pgf@pathmaxx=\dimen277
\pgf@pathminy=\dimen278
\pgf@pathmaxy=\dimen279
\pgf@xx=\dimen280
\pgf@xy=\dimen281
\pgf@yx=\dimen282
\pgf@yy=\dimen283
\pgf@zx=\dimen284
\pgf@zy=\dimen285
) (/opt/homebrew/Cellar/texlive/20260301/share/texmf-dist/tex/generic/pgf/basiclayer/pgfcorepathconstruct.code.tex
File: pgfcorepathconstruct.code.tex 2025-08-29 v3.1.11a (3.1.11a)
\pgf@path@lastx=\dimen286
\pgf@path@lasty=\dimen287
) (/opt/homebrew/Cellar/texlive/20260301/share/texmf-dist/tex/generic/pgf/basiclayer/pgfcorepathusage.code.tex
File: pgfcorepathusage.code.tex 2025-08-29 v3.1.11a (3.1.11a)
\pgf@shorten@end@additional=\dimen288
\pgf@shorten@start@additional=\dimen289
) (/opt/homebrew/Cellar/texlive/20260301/share/texmf-dist/tex/generic/pgf/basiclayer/pgfcorescopes.code.tex
File: pgfcorescopes.code.tex 2025-08-29 v3.1.11a (3.1.11a)
\pgfpic=\box65
\pgf@hbox=\box66
\pgf@layerbox@main=\box67
\pgf@picture@serial@count=\count341
) (/opt/homebrew/Cellar/texlive/20260301/share/texmf-dist/tex/generic/pgf/basiclayer/pgfcoregraphicstate.code.tex
File: pgfcoregraphicstate.code.tex 2025-08-29 v3.1.11a (3.1.11a)
\pgflinewidth=\dimen290
) (/opt/homebrew/Cellar/texlive/20260301/share/texmf-dist/tex/generic/pgf/basiclayer/pgfcoretransformations.code.tex
File: pgfcoretransformations.code.tex 2025-08-29 v3.1.11a (3.1.11a)
\pgf@pt@x=\dimen291
\pgf@pt@y=\dimen292
\pgf@pt@temp=\dimen293
) (/opt/homebrew/Cellar/texlive/20260301/share/texmf-dist/tex/generic/pgf/basiclayer/pgfcorequick.code.tex
File: pgfcorequick.code.tex 2025-08-29 v3.1.11a (3.1.11a)
) (/opt/homebrew/Cellar/texlive/20260301/share/texmf-dist/tex/generic/pgf/basiclayer/pgfcoreobjects.code.tex
File: pgfcoreobjects.code.tex 2025-08-29 v3.1.11a (3.1.11a)
) (/opt/homebrew/Cellar/texlive/20260301/share/texmf-dist/tex/generic/pgf/basiclayer/pgfcorepathprocessing.code.tex
File: pgfcorepathprocessing.code.tex 2025-08-29 v3.1.11a (3.1.11a)
) (/opt/homebrew/Cellar/texlive/20260301/share/texmf-dist/tex/generic/pgf/basiclayer/pgfcorearrows.code.tex
File: pgfcorearrows.code.tex 2025-08-29 v3.1.11a (3.1.11a)
\pgfarrowsep=\dimen294
) (/opt/homebrew/Cellar/texlive/20260301/share/texmf-dist/tex/generic/pgf/basiclayer/pgfcoreshade.code.tex
File: pgfcoreshade.code.tex 2025-08-29 v3.1.11a (3.1.11a)
\pgf@max=\dimen295
\pgf@sys@shading@range@num=\count342
\pgf@shadingcount=\count343
) (/opt/homebrew/Cellar/texlive/20260301/share/texmf-dist/tex/generic/pgf/basiclayer/pgfcoreimage.code.tex
File: pgfcoreimage.code.tex 2025-08-29 v3.1.11a (3.1.11a)
) (/opt/homebrew/Cellar/texlive/20260301/share/texmf-dist/tex/generic/pgf/basiclayer/pgfcoreexternal.code.tex
File: pgfcoreexternal.code.tex 2025-08-29 v3.1.11a (3.1.11a)
\pgfexternal@startupbox=\box68
) (/opt/homebrew/Cellar/texlive/20260301/share/texmf-dist/tex/generic/pgf/basiclayer/pgfcorelayers.code.tex
File: pgfcorelayers.code.tex 2025-08-29 v3.1.11a (3.1.11a)
) (/opt/homebrew/Cellar/texlive/20260301/share/texmf-dist/tex/generic/pgf/basiclayer/pgfcoretransparency.code.tex
File: pgfcoretransparency.code.tex 2025-08-29 v3.1.11a (3.1.11a)
) (/opt/homebrew/Cellar/texlive/20260301/share/texmf-dist/tex/generic/pgf/basiclayer/pgfcorepatterns.code.tex
File: pgfcorepatterns.code.tex 2025-08-29 v3.1.11a (3.1.11a)
) (/opt/homebrew/Cellar/texlive/20260301/share/texmf-dist/tex/generic/pgf/basiclayer/pgfcorerdf.code.tex
File: pgfcorerdf.code.tex 2025-08-29 v3.1.11a (3.1.11a)
))) (/opt/homebrew/Cellar/texlive/20260301/share/texmf-dist/tex/generic/pgf/modules/pgfmoduleshapes.code.tex
File: pgfmoduleshapes.code.tex 2025-08-29 v3.1.11a (3.1.11a)
\pgfnodeparttextbox=\box69
) (/opt/homebrew/Cellar/texlive/20260301/share/texmf-dist/tex/generic/pgf/modules/pgfmoduleplot.code.tex
File: pgfmoduleplot.code.tex 2025-08-29 v3.1.11a (3.1.11a)
) (/opt/homebrew/Cellar/texlive/20260301/share/texmf-dist/tex/latex/pgf/compatibility/pgfcomp-version-0-65.sty
Package: pgfcomp-version-0-65 2025-08-29 v3.1.11a (3.1.11a)
\pgf@nodesepstart=\dimen296
\pgf@nodesepend=\dimen297
) (/opt/homebrew/Cellar/texlive/20260301/share/texmf-dist/tex/latex/pgf/compatibility/pgfcomp-version-1-18.sty
Package: pgfcomp-version-1-18 2025-08-29 v3.1.11a (3.1.11a)
)) (/opt/homebrew/Cellar/texlive/20260301/share/texmf-dist/tex/latex/pgf/utilities/pgffor.sty (/opt/homebrew/Cellar/texlive/20260301/share/texmf-dist/tex/latex/pgf/utilities/pgfkeys.sty (/opt/homebrew/Cellar/texlive/20260301/share/texmf-dist/tex/generic/pgf/utilities/pgfkeys.code.tex)) (/opt/homebrew/Cellar/texlive/20260301/share/texmf-dist/tex/latex/pgf/math/pgfmath.sty (/opt/homebrew/Cellar/texlive/20260301/share/texmf-dist/tex/generic/pgf/math/pgfmath.code.tex)) (/opt/homebrew/Cellar/texlive/20260301/share/texmf-dist/tex/generic/pgf/utilities/pgffor.code.tex
Package: pgffor 2025-08-29 v3.1.11a (3.1.11a)
\pgffor@iter=\dimen298
\pgffor@skip=\dimen299
\pgffor@stack=\toks42
\pgffor@toks=\toks43
)) (/opt/homebrew/Cellar/texlive/20260301/share/texmf-dist/tex/generic/pgf/frontendlayer/tikz/tikz.code.tex
Package: tikz 2025-08-29 v3.1.11a (3.1.11a)
 (/opt/homebrew/Cellar/texlive/20260301/share/texmf-dist/tex/generic/pgf/libraries/pgflibraryplothandlers.code.tex
File: pgflibraryplothandlers.code.tex 2025-08-29 v3.1.11a (3.1.11a)
\pgf@plot@mark@count=\count344
\pgfplotmarksize=\dimen300
)
\tikz@lastx=\dimen301
\tikz@lasty=\dimen302
\tikz@lastxsaved=\dimen303
\tikz@lastysaved=\dimen304
\tikz@lastmovetox=\dimen305
\tikz@lastmovetoy=\dimen306
\tikzleveldistance=\dimen307
\tikzsiblingdistance=\dimen308
\tikz@figbox=\box70
\tikz@figbox@bg=\box71
\tikz@tempbox=\box72
\tikz@tempbox@bg=\box73
\tikztreelevel=\count345
\tikznumberofchildren=\count346
\tikznumberofcurrentchild=\count347
\tikz@fig@count=\count348
 (/opt/homebrew/Cellar/texlive/20260301/share/texmf-dist/tex/generic/pgf/modules/pgfmodulematrix.code.tex
File: pgfmodulematrix.code.tex 2025-08-29 v3.1.11a (3.1.11a)
\pgfmatrixcurrentrow=\count349
\pgfmatrixcurrentcolumn=\count350
\pgf@matrix@numberofcolumns=\count351
)
\tikz@expandcount=\count352
 (/opt/homebrew/Cellar/texlive/20260301/share/texmf-dist/tex/generic/pgf/frontendlayer/tikz/libraries/tikzlibrarytopaths.code.tex
File: tikzlibrarytopaths.code.tex 2025-08-29 v3.1.11a (3.1.11a)
))) (/opt/homebrew/Cellar/texlive/20260301/share/texmf-dist/tex/latex/tools/verbatim.sty
Package: verbatim 2024-01-22 v1.5x LaTeX2e package for verbatim enhancements
\every@verbatim=\toks44
\verbatim@line=\toks45
\verbatim@in@stream=\read4
) (/opt/homebrew/Cellar/texlive/20260301/share/texmf-dist/tex/latex/environ/environ.sty
Package: environ 2014/05/04 v0.3 A new way to define environments
 (/opt/homebrew/Cellar/texlive/20260301/share/texmf-dist/tex/latex/trimspaces/trimspaces.sty
Package: trimspaces 2009/09/17 v1.1 Trim spaces around a token list
))
\tcb@titlebox=\box74
\tcb@upperbox=\box75
\tcb@lowerbox=\box76
\tcb@phantombox=\box77
\c@tcbbreakpart=\count353
\c@tcblayer=\count354
\c@tcolorbox@number=\count355
\l__tcobox_tmpa_box=\box78
\l__tcobox_tmpa_dim=\dimen309
\tcb@temp=\box79
\tcb@temp=\box80
\tcb@temp=\box81
\tcb@temp=\box82
) (/opt/homebrew/Cellar/texlive/20260301/share/texmf-dist/tex/latex/tcolorbox/tcbskins.code.tex
Library (tcolorbox): 'tcbskins.code.tex' version '6.9.0'
(/opt/homebrew/Cellar/texlive/20260301/share/texmf-dist/tex/latex/tikzfill/tikzfill.image.sty
Package: tikzfill.image 2023/08/08 v1.0.1 Image filling library for TikZ
 (/opt/homebrew/Cellar/texlive/20260301/share/texmf-dist/tex/latex/tikzfill/tikzfill-common.sty
Package: tikzfill-common 2023/08/08 v1.0.1 Auxiliary code for tikzfill
) (/opt/homebrew/Cellar/texlive/20260301/share/texmf-dist/tex/latex/tikzfill/tikzlibraryfill.image.code.tex
File: tikzlibraryfill.image.code.tex 2023/08/08 v1.0.1 Image filling library
\l__tikzfill_img_box=\box83
)) (/opt/homebrew/Cellar/texlive/20260301/share/texmf-dist/tex/latex/tcolorbox/tcbskinsjigsaw.code.tex
Library (tcolorbox): 'tcbskinsjigsaw.code.tex' version '6.9.0'
)) (/opt/homebrew/Cellar/texlive/20260301/share/texmf-dist/tex/latex/tcolorbox/tcbbreakable.code.tex
Library (tcolorbox): 'tcbbreakable.code.tex' version '6.9.0'
(/opt/homebrew/Cellar/texlive/20260301/share/texmf-dist/tex/latex/pdfcol/pdfcol.sty
Package: pdfcol 2022-09-21 v1.7 Handle new color stacks for pdfTeX (HO)
)
Package pdfcol Info: New color stack `tcb@breakable' = 1 on input line 23.
\tcb@testbox=\box84
\tcb@totalupperbox=\box85
\tcb@totallowerbox=\box86
) (/opt/homebrew/Cellar/texlive/20260301/share/texmf-dist/tex/latex/natbib/natbib.sty
Package: natbib 2010/09/13 8.31b (PWD, AO)
\bibhang=\skip76
\bibsep=\skip77
LaTeX Info: Redefining \cite on input line 694.
\c@NAT@ctr=\count356
) (/opt/homebrew/Cellar/texlive/20260301/share/texmf-dist/tex/latex/l3backend/l3backend-pdftex.def
File: l3backend-pdftex.def 2025-10-09 L3 backend support: PDF output (pdfTeX)
\l__color_backend_stack_int=\count357
) (./main.aux

LaTeX Warning: Label `subsec:equivariance' multiply defined.

)
\openout1 = `main.aux'.

LaTeX Font Info:    Checking defaults for OML/cmm/m/it on input line 98.
LaTeX Font Info:    ... okay on input line 98.
LaTeX Font Info:    Checking defaults for OMS/cmsy/m/n on input line 98.
LaTeX Font Info:    ... okay on input line 98.
LaTeX Font Info:    Checking defaults for OT1/cmr/m/n on input line 98.
LaTeX Font Info:    ... okay on input line 98.
LaTeX Font Info:    Checking defaults for T1/cmr/m/n on input line 98.
LaTeX Font Info:    ... okay on input line 98.
LaTeX Font Info:    Checking defaults for TS1/cmr/m/n on input line 98.
LaTeX Font Info:    ... okay on input line 98.
LaTeX Font Info:    Checking defaults for OMX/cmex/m/n on input line 98.
LaTeX Font Info:    ... okay on input line 98.
LaTeX Font Info:    Checking defaults for U/cmr/m/n on input line 98.
LaTeX Font Info:    ... okay on input line 98.
LaTeX Font Info:    Checking defaults for PD1/pdf/m/n on input line 98.
LaTeX Font Info:    ... okay on input line 98.
LaTeX Font Info:    Checking defaults for PU/pdf/m/n on input line 98.
LaTeX Font Info:    ... okay on input line 98.

*geometry* driver: auto-detecting
*geometry* detected driver: pdftex
*geometry* verbose mode - [ preamble ] result:
* driver: pdftex
* paper: a4paper
* layout: <same size as paper>
* layoutoffset:(h,v)=(0.0pt,0.0pt)
* modes: 
* h-part:(L,W,R)=(85.35826pt, 441.01773pt, 71.13188pt)
* v-part:(T,H,B)=(71.13188pt, 702.78308pt, 71.13188pt)
* \paperwidth=597.50787pt
* \paperheight=845.04684pt
* \textwidth=441.01773pt
* \textheight=702.78308pt
* \oddsidemargin=13.08827pt
* \evensidemargin=13.08827pt
* \topmargin=-38.1381pt
* \headheight=12.0pt
* \headsep=25.0pt
* \topskip=12.0pt
* \footskip=30.0pt
* \marginparwidth=35.0pt
* \marginparsep=10.0pt
* \columnsep=10.0pt
* \skip\footins=10.8pt plus 4.0pt minus 2.0pt
* \hoffset=0.0pt
* \voffset=0.0pt
* \mag=1000
* \@twocolumnfalse
* \@twosidefalse
* \@mparswitchfalse
* \@reversemarginfalse
* (1in=72.27pt=25.4mm, 1cm=28.453pt)

(/opt/homebrew/Cellar/texlive/20260301/share/texmf-dist/tex/context/base/mkii/supp-pdf.mkii
[Loading MPS to PDF converter (version 2006.09.02).]
\scratchcounter=\count358
\scratchdimen=\dimen310
\scratchbox=\box87
\nofMPsegments=\count359
\nofMParguments=\count360
\everyMPshowfont=\toks46
\MPscratchCnt=\count361
\MPscratchDim=\dimen311
\MPnumerator=\count362
\makeMPintoPDFobject=\count363
\everyMPtoPDFconversion=\toks47
) (/opt/homebrew/Cellar/texlive/20260301/share/texmf-dist/tex/latex/epstopdf-pkg/epstopdf-base.sty
Package: epstopdf-base 2020-01-24 v2.11 Base part for package epstopdf
 (/opt/homebrew/Cellar/texlive/20260301/share/texmf-dist/tex/latex/grfext/grfext.sty
Package: grfext 2019/12/03 v1.3 Manage graphics extensions (HO)
)
Package epstopdf-base Info: Redefining graphics rule for `.eps' on input line 485.
Package grfext Info: Graphics extension search list:
(grfext)             [.pdf,.png,.jpg,.mps,.jpeg,.jbig2,.jb2,.PDF,.PNG,.JPG,.JPEG,.JBIG2,.JB2,.eps]
(grfext)             \AppendGraphicsExtensions on input line 504.
 (/opt/homebrew/Cellar/texlive/20260301/share/texmf-dist/tex/latex/latexconfig/epstopdf-sys.cfg
File: epstopdf-sys.cfg 2010/07/13 v1.3 Configuration of (r)epstopdf for TeX Live
))
Package hyperref Info: Link coloring ON on input line 98.
 (./main.out) (./main.out)
\@outlinefile=\write4
\openout4 = `main.out'.

\c@lstlisting=\count364
 [1

{/opt/homebrew/Cellar/texlive/20260301/share/texmf-dist/fonts/map/pdftex/updmap/pdftex.map}{/opt/homebrew/Cellar/texlive/20260301/share/texmf-dist/fonts/enc/dvips/cm-super/cm-super-t1.enc}]
LaTeX Font Info:    Trying to load font information for U+msa on input line 121.
 (/opt/homebrew/Cellar/texlive/20260301/share/texmf-dist/tex/latex/amsfonts/umsa.fd
File: umsa.fd 2013/01/14 v3.01 AMS symbols A
)
LaTeX Font Info:    Trying to load font information for U+msb on input line 121.
 (/opt/homebrew/Cellar/texlive/20260301/share/texmf-dist/tex/latex/amsfonts/umsb.fd
File: umsb.fd 2013/01/14 v3.01 AMS symbols B
)
pdfTeX warning (ext4): destination with the same identifier (name{page.1}) has been already used, duplicate ignored
<to be read again> 
                   \relax 
l.125 \tableofcontents
                       [1

] (./main.toc [2

]

Package fancyhdr Warning: \headheight is too small (12.0pt): 
(fancyhdr)                Make it at least 13.59999pt, for example:
(fancyhdr)                \setlength{\headheight}{13.59999pt}.
(fancyhdr)                You might also make \topmargin smaller:
(fancyhdr)                \addtolength{\topmargin}{-1.59999pt}.

[3]

Package fancyhdr Warning: \headheight is too small (12.0pt): 
(fancyhdr)                Make it at least 13.59999pt, for example:
(fancyhdr)                \setlength{\headheight}{13.59999pt}.
(fancyhdr)                You might also make \topmargin smaller:
(fancyhdr)                \addtolength{\topmargin}{-1.59999pt}.

[4]

Package fancyhdr Warning: \headheight is too small (12.0pt): 
(fancyhdr)                Make it at least 13.59999pt, for example:
(fancyhdr)                \setlength{\headheight}{13.59999pt}.
(fancyhdr)                You might also make \topmargin smaller:
(fancyhdr)                \addtolength{\topmargin}{-1.59999pt}.

[5]

Package fancyhdr Warning: \headheight is too small (12.0pt): 
(fancyhdr)                Make it at least 13.59999pt, for example:
(fancyhdr)                \setlength{\headheight}{13.59999pt}.
(fancyhdr)                You might also make \topmargin smaller:
(fancyhdr)                \addtolength{\topmargin}{-1.59999pt}.

[6{/opt/homebrew/Cellar/texlive/20260301/share/texmf-dist/fonts/enc/dvips/cm-super/cm-super-ts1.enc}]

Package fancyhdr Warning: \headheight is too small (12.0pt): 
(fancyhdr)                Make it at least 13.59999pt, for example:
(fancyhdr)                \setlength{\headheight}{13.59999pt}.
(fancyhdr)                You might also make \topmargin smaller:
(fancyhdr)                \addtolength{\topmargin}{-1.59999pt}.

[7]

Package fancyhdr Warning: \headheight is too small (12.0pt): 
(fancyhdr)                Make it at least 13.59999pt, for example:
(fancyhdr)                \setlength{\headheight}{13.59999pt}.
(fancyhdr)                You might also make \topmargin smaller:
(fancyhdr)                \addtolength{\topmargin}{-1.59999pt}.

[8]

Package fancyhdr Warning: \headheight is too small (12.0pt): 
(fancyhdr)                Make it at least 13.59999pt, for example:
(fancyhdr)                \setlength{\headheight}{13.59999pt}.
(fancyhdr)                You might also make \topmargin smaller:
(fancyhdr)                \addtolength{\topmargin}{-1.59999pt}.

[9]

Package fancyhdr Warning: \headheight is too small (12.0pt): 
(fancyhdr)                Make it at least 13.59999pt, for example:
(fancyhdr)                \setlength{\headheight}{13.59999pt}.
(fancyhdr)                You might also make \topmargin smaller:
(fancyhdr)                \addtolength{\topmargin}{-1.59999pt}.

[10]

Package fancyhdr Warning: \headheight is too small (12.0pt): 
(fancyhdr)                Make it at least 13.59999pt, for example:
(fancyhdr)                \setlength{\headheight}{13.59999pt}.
(fancyhdr)                You might also make \topmargin smaller:
(fancyhdr)                \addtolength{\topmargin}{-1.59999pt}.

[11])
\tf@toc=\write5
\openout5 = `main.toc'.



Package fancyhdr Warning: \headheight is too small (12.0pt): 
(fancyhdr)                Make it at least 13.59999pt, for example:
(fancyhdr)                \setlength{\headheight}{13.59999pt}.
(fancyhdr)                You might also make \topmargin smaller:
(fancyhdr)                \addtolength{\topmargin}{-1.59999pt}.

[12] (./chapters/ch00_introduction.tex
\bbl@ensure@italian {Capitolo} 1.
<figures/ml_vs_dl.png, id=1919, 1505.625pt x 627.34375pt>
File: figures/ml_vs_dl.png Graphic file (type png)
<use figures/ml_vs_dl.png>
Package pdftex.def Info: figures/ml_vs_dl.png  used on input line 26.
(pdftex.def)             Requested size: 388.09775pt x 161.70793pt.
<figures/learning_components.png, id=1920, 1505.625pt x 627.34375pt>
File: figures/learning_components.png Graphic file (type png)
<use figures/learning_components.png>
Package pdftex.def Info: figures/learning_components.png  used on input line 41.
(pdftex.def)             Requested size: 405.7355pt x 169.05003pt.
[13

 <./figures/ml_vs_dl.png (PNG copy)>]
<figures/param_model.png, id=1930, 1505.625pt x 627.34375pt>
File: figures/param_model.png Graphic file (type png)
<use figures/param_model.png>
Package pdftex.def Info: figures/param_model.png  used on input line 66.
(pdftex.def)             Requested size: 388.09775pt x 161.70793pt.
<figures/block_diagram.png, id=1931, 1505.625pt x 627.34375pt>
File: figures/block_diagram.png Graphic file (type png)
<use figures/block_diagram.png>
Package pdftex.def Info: figures/block_diagram.png  used on input line 88.
(pdftex.def)             Requested size: 361.63776pt x 150.68044pt.


Package fancyhdr Warning: \headheight is too small (12.0pt): 
(fancyhdr)                Make it at least 13.59999pt, for example:
(fancyhdr)                \setlength{\headheight}{13.59999pt}.
(fancyhdr)                You might also make \topmargin smaller:
(fancyhdr)                \addtolength{\topmargin}{-1.59999pt}.

[14 <./figures/learning_components.png (PNG copy)> <./figures/param_model.png (PNG copy)>]
<figures/loss_avg.png, id=1944, 1505.625pt x 627.34375pt>
File: figures/loss_avg.png Graphic file (type png)
<use figures/loss_avg.png>
Package pdftex.def Info: figures/loss_avg.png  used on input line 110.
(pdftex.def)             Requested size: 388.09775pt x 161.70793pt.


Package fancyhdr Warning: \headheight is too small (12.0pt): 
(fancyhdr)                Make it at least 13.59999pt, for example:
(fancyhdr)                \setlength{\headheight}{13.59999pt}.
(fancyhdr)                You might also make \topmargin smaller:
(fancyhdr)                \addtolength{\topmargin}{-1.59999pt}.

[15 <./figures/block_diagram.png (PNG copy)> <./figures/loss_avg.png (PNG copy)>]
<figures/trad_nn.png, id=1954, 1505.625pt x 627.34375pt>
File: figures/trad_nn.png Graphic file (type png)
<use figures/trad_nn.png>
Package pdftex.def Info: figures/trad_nn.png  used on input line 135.
(pdftex.def)             Requested size: 388.09775pt x 161.70793pt.
<figures/block_nn.png, id=1955, 1505.625pt x 627.34375pt>
File: figures/block_nn.png Graphic file (type png)
<use figures/block_nn.png>
Package pdftex.def Info: figures/block_nn.png  used on input line 149.
(pdftex.def)             Requested size: 388.09775pt x 161.70793pt.
 (/opt/homebrew/Cellar/texlive/20260301/share/texmf-dist/tex/latex/listings/lstlang1.sty
File: lstlang1.sty 2025/11/14 1.11b listings language file
)
Package hyperref Info: bookmark level for unknown lstlisting defaults to 0 on input line 157.


Package fancyhdr Warning: \headheight is too small (12.0pt): 
(fancyhdr)                Make it at least 13.59999pt, for example:
(fancyhdr)                \setlength{\headheight}{13.59999pt}.
(fancyhdr)                You might also make \topmargin smaller:
(fancyhdr)                \addtolength{\topmargin}{-1.59999pt}.

[16 <./figures/trad_nn.png (PNG copy)> <./figures/block_nn.png (PNG copy)>]
LaTeX Font Info:    Font shape `T1/cmtt/bx/n' in size <10.95> not available
(Font)              Font shape `T1/cmtt/m/n' tried instead on input line 158.
<figures/backprop_nonlin.png, id=1968, 1505.625pt x 627.34375pt>
File: figures/backprop_nonlin.png Graphic file (type png)
<use figures/backprop_nonlin.png>
Package pdftex.def Info: figures/backprop_nonlin.png  used on input line 200.
(pdftex.def)             Requested size: 361.63776pt x 150.68044pt.


Package fancyhdr Warning: \headheight is too small (12.0pt): 
(fancyhdr)                Make it at least 13.59999pt, for example:
(fancyhdr)                \setlength{\headheight}{13.59999pt}.
(fancyhdr)                You might also make \topmargin smaller:
(fancyhdr)                \addtolength{\topmargin}{-1.59999pt}.

[17]
<figures/jacobian.png, id=1997, 1505.625pt x 627.34375pt>
File: figures/jacobian.png Graphic file (type png)
<use figures/jacobian.png>
Package pdftex.def Info: figures/jacobian.png  used on input line 228.
(pdftex.def)             Requested size: 388.09775pt x 161.70793pt.


Package fancyhdr Warning: \headheight is too small (12.0pt): 
(fancyhdr)                Make it at least 13.59999pt, for example:
(fancyhdr)                \setlength{\headheight}{13.59999pt}.
(fancyhdr)                You might also make \topmargin smaller:
(fancyhdr)                \addtolength{\topmargin}{-1.59999pt}.

[18 <./figures/backprop_nonlin.png (PNG copy)> <./figures/jacobian.png (PNG copy)>]
<figures/multistage.png, id=2008, 1505.625pt x 627.34375pt>
File: figures/multistage.png Graphic file (type png)
<use figures/multistage.png>
Package pdftex.def Info: figures/multistage.png  used on input line 251.
(pdftex.def)             Requested size: 388.09775pt x 161.70793pt.
<figures/backprop_graph.png, id=2009, 1505.625pt x 627.34375pt>
File: figures/backprop_graph.png Graphic file (type png)
<use figures/backprop_graph.png>
Package pdftex.def Info: figures/backprop_graph.png  used on input line 270.
(pdftex.def)             Requested size: 361.63776pt x 150.68044pt.
<figures/dag_backprop.png, id=2010, 1505.625pt x 627.34375pt>
File: figures/dag_backprop.png Graphic file (type png)
<use figures/dag_backprop.png>
Package pdftex.def Info: figures/dag_backprop.png  used on input line 281.
(pdftex.def)             Requested size: 242.5611pt x 101.06627pt.


Package fancyhdr Warning: \headheight is too small (12.0pt): 
(fancyhdr)                Make it at least 13.59999pt, for example:
(fancyhdr)                \setlength{\headheight}{13.59999pt}.
(fancyhdr)                You might also make \topmargin smaller:
(fancyhdr)                \addtolength{\topmargin}{-1.59999pt}.

[19 <./figures/multistage.png (PNG copy)> <./figures/backprop_graph.png (PNG copy)>]) (./chapters/ch01_basic_architectures.tex

Package fancyhdr Warning: \headheight is too small (12.0pt): 
(fancyhdr)                Make it at least 13.59999pt, for example:
(fancyhdr)                \setlength{\headheight}{13.59999pt}.
(fancyhdr)                You might also make \topmargin smaller:
(fancyhdr)                \addtolength{\topmargin}{-1.59999pt}.

[20 <./figures/dag_backprop.png (PNG copy)>]
\bbl@ensure@italian {Capitolo} 2.
<figures/sigma_pi.png, id=2029, 1505.625pt x 627.34375pt>
File: figures/sigma_pi.png Graphic file (type png)
<use figures/sigma_pi.png>
Package pdftex.def Info: figures/sigma_pi.png  used on input line 43.
(pdftex.def)             Requested size: 388.09775pt x 161.70793pt.
[21

]
<figures/mux_discrete.png, id=2042, 1505.625pt x 627.34375pt>
File: figures/mux_discrete.png Graphic file (type png)
<use figures/mux_discrete.png>
Package pdftex.def Info: figures/mux_discrete.png  used on input line 82.
(pdftex.def)             Requested size: 317.5333pt x 132.30127pt.


Package fancyhdr Warning: \headheight is too small (12.0pt): 
(fancyhdr)                Make it at least 13.59999pt, for example:
(fancyhdr)                \setlength{\headheight}{13.59999pt}.
(fancyhdr)                You might also make \topmargin smaller:
(fancyhdr)                \addtolength{\topmargin}{-1.59999pt}.

[22 <./figures/sigma_pi.png (PNG copy)>]
<figures/mux_diff.png, id=2051, 1505.625pt x 627.34375pt>
File: figures/mux_diff.png Graphic file (type png)
<use figures/mux_diff.png>
Package pdftex.def Info: figures/mux_diff.png  used on input line 90.
(pdftex.def)             Requested size: 317.5333pt x 132.30127pt.
<figures/moe.png, id=2054, 1505.625pt x 627.34375pt>
File: figures/moe.png Graphic file (type png)
<use figures/moe.png>
Package pdftex.def Info: figures/moe.png  used on input line 110.
(pdftex.def)             Requested size: 361.63776pt x 150.68044pt.


Package fancyhdr Warning: \headheight is too small (12.0pt): 
(fancyhdr)                Make it at least 13.59999pt, for example:
(fancyhdr)                \setlength{\headheight}{13.59999pt}.
(fancyhdr)                You might also make \topmargin smaller:
(fancyhdr)                \addtolength{\topmargin}{-1.59999pt}.

[23 <./figures/mux_discrete.png (PNG copy)> <./figures/mux_diff.png (PNG copy)>]
<figures/param_transform.png, id=2065, 1505.625pt x 627.34375pt>
File: figures/param_transform.png Graphic file (type png)
<use figures/param_transform.png>
Package pdftex.def Info: figures/param_transform.png  used on input line 142.
(pdftex.def)             Requested size: 361.63776pt x 150.68044pt.


Package fancyhdr Warning: \headheight is too small (12.0pt): 
(fancyhdr)                Make it at least 13.59999pt, for example:
(fancyhdr)                \setlength{\headheight}{13.59999pt}.
(fancyhdr)                You might also make \topmargin smaller:
(fancyhdr)                \addtolength{\topmargin}{-1.59999pt}.

[24 <./figures/moe.png (PNG copy)> <./figures/param_transform.png (PNG copy)>]
<figures/weight_sharing.png, id=2077, 1505.625pt x 627.34375pt>
File: figures/weight_sharing.png Graphic file (type png)
<use figures/weight_sharing.png>
Package pdftex.def Info: figures/weight_sharing.png  used on input line 161.
(pdftex.def)             Requested size: 361.63776pt x 150.68044pt.
<figures/motif.png, id=2080, 1505.625pt x 627.34375pt>
File: figures/motif.png Graphic file (type png)
<use figures/motif.png>
Package pdftex.def Info: figures/motif.png  used on input line 177.
(pdftex.def)             Requested size: 361.63776pt x 150.68044pt.


Package fancyhdr Warning: \headheight is too small (12.0pt): 
(fancyhdr)                Make it at least 13.59999pt, for example:
(fancyhdr)                \setlength{\headheight}{13.59999pt}.
(fancyhdr)                You might also make \topmargin smaller:
(fancyhdr)                \addtolength{\topmargin}{-1.59999pt}.

[25 <./figures/weight_sharing.png (PNG copy)> <./figures/motif.png (PNG copy)>]) (./chapters/ch02_learning_representations.tex

Package fancyhdr Warning: \headheight is too small (12.0pt): 
(fancyhdr)                Make it at least 13.59999pt, for example:
(fancyhdr)                \setlength{\headheight}{13.59999pt}.
(fancyhdr)                You might also make \topmargin smaller:
(fancyhdr)                \addtolength{\topmargin}{-1.59999pt}.

[26]
\bbl@ensure@italian {Capitolo} 3.
<figures/lr02_linear_classifier.png, id=2102, 1505.625pt x 627.34375pt>
File: figures/lr02_linear_classifier.png Graphic file (type png)
<use figures/lr02_linear_classifier.png>
Package pdftex.def Info: figures/lr02_linear_classifier.png  used on input line 28.
(pdftex.def)             Requested size: 388.09775pt x 161.70793pt.
<figures/lr02_cover_theorem.png, id=2103, 1505.625pt x 627.34375pt>
File: figures/lr02_cover_theorem.png Graphic file (type png)
<use figures/lr02_cover_theorem.png>
Package pdftex.def Info: figures/lr02_cover_theorem.png  used on input line 43.
(pdftex.def)             Requested size: 330.76329pt x 137.81502pt.
[27

 <./figures/lr02_linear_classifier.png (PNG copy)>]
<figures/lr02_solution_repr.png, id=2111, 1505.625pt x 627.34375pt>
File: figures/lr02_solution_repr.png Graphic file (type png)
<use figures/lr02_solution_repr.png>
Package pdftex.def Info: figures/lr02_solution_repr.png  used on input line 66.
(pdftex.def)             Requested size: 352.81552pt x 147.00461pt.


Package fancyhdr Warning: \headheight is too small (12.0pt): 
(fancyhdr)                Make it at least 13.59999pt, for example:
(fancyhdr)                \setlength{\headheight}{13.59999pt}.
(fancyhdr)                You might also make \topmargin smaller:
(fancyhdr)                \addtolength{\topmargin}{-1.59999pt}.

[28 <./figures/lr02_cover_theorem.png (PNG copy)> <./figures/lr02_solution_repr.png (PNG copy)>]
<figures/lr02_monomial.png, id=2118, 1505.625pt x 627.34375pt>
File: figures/lr02_monomial.png Graphic file (type png)
<use figures/lr02_monomial.png>
Package pdftex.def Info: figures/lr02_monomial.png  used on input line 105.
(pdftex.def)             Requested size: 361.63776pt x 150.68044pt.


Package fancyhdr Warning: \headheight is too small (12.0pt): 
(fancyhdr)                Make it at least 13.59999pt, for example:
(fancyhdr)                \setlength{\headheight}{13.59999pt}.
(fancyhdr)                You might also make \topmargin smaller:
(fancyhdr)                \addtolength{\topmargin}{-1.59999pt}.

[29 <./figures/lr02_monomial.png (PNG copy)>]
<figures/lr02_shallow_universal.png, id=2125, 1505.625pt x 627.34375pt>
File: figures/lr02_shallow_universal.png Graphic file (type png)
<use figures/lr02_shallow_universal.png>
Package pdftex.def Info: figures/lr02_shallow_universal.png  used on input line 140.
(pdftex.def)             Requested size: 352.81552pt x 147.00461pt.
<figures/lr02_deep_vs_shallow.png, id=2126, 1505.625pt x 627.34375pt>
File: figures/lr02_deep_vs_shallow.png Graphic file (type png)
<use figures/lr02_deep_vs_shallow.png>
Package pdftex.def Info: figures/lr02_deep_vs_shallow.png  used on input line 154.
(pdftex.def)             Requested size: 388.09775pt x 161.70793pt.


Package fancyhdr Warning: \headheight is too small (12.0pt): 
(fancyhdr)                Make it at least 13.59999pt, for example:
(fancyhdr)                \setlength{\headheight}{13.59999pt}.
(fancyhdr)                You might also make \topmargin smaller:
(fancyhdr)                \addtolength{\topmargin}{-1.59999pt}.

[30 <./figures/lr02_shallow_universal.png (PNG copy)>]
<figures/lr02_invariant_learning.png, id=2138, 1505.625pt x 627.34375pt>
File: figures/lr02_invariant_learning.png Graphic file (type png)
<use figures/lr02_invariant_learning.png>
Package pdftex.def Info: figures/lr02_invariant_learning.png  used on input line 186.
(pdftex.def)             Requested size: 361.63776pt x 150.68044pt.


Package fancyhdr Warning: \headheight is too small (12.0pt): 
(fancyhdr)                Make it at least 13.59999pt, for example:
(fancyhdr)                \setlength{\headheight}{13.59999pt}.
(fancyhdr)                You might also make \topmargin smaller:
(fancyhdr)                \addtolength{\topmargin}{-1.59999pt}.

[31 <./figures/lr02_deep_vs_shallow.png (PNG copy)> <./figures/lr02_invariant_learning.png (PNG copy)>]
<figures/lr02_manifold_hypothesis.png, id=2147, 1505.625pt x 627.34375pt>
File: figures/lr02_manifold_hypothesis.png Graphic file (type png)
<use figures/lr02_manifold_hypothesis.png>
Package pdftex.def Info: figures/lr02_manifold_hypothesis.png  used on input line 207.
(pdftex.def)             Requested size: 388.09775pt x 161.70793pt.
<figures/lr02_face_manifold.png, id=2148, 1505.625pt x 627.34375pt>
File: figures/lr02_face_manifold.png Graphic file (type png)
<use figures/lr02_face_manifold.png>
Package pdftex.def Info: figures/lr02_face_manifold.png  used on input line 223.
(pdftex.def)             Requested size: 361.63776pt x 150.68044pt.
<figures/lr02_disentangling.png, id=2149, 1505.625pt x 627.34375pt>
File: figures/lr02_disentangling.png Graphic file (type png)
<use figures/lr02_disentangling.png>
Package pdftex.def Info: figures/lr02_disentangling.png  used on input line 241.
(pdftex.def)             Requested size: 388.09775pt x 161.70793pt.


Package fancyhdr Warning: \headheight is too small (12.0pt): 
(fancyhdr)                Make it at least 13.59999pt, for example:
(fancyhdr)                \setlength{\headheight}{13.59999pt}.
(fancyhdr)                You might also make \topmargin smaller:
(fancyhdr)                \addtolength{\topmargin}{-1.59999pt}.

[32 <./figures/lr02_manifold_hypothesis.png (PNG copy)> <./figures/lr02_face_manifold.png (PNG copy)>]
<figures/lr02_data_manifold.png, id=2157, 1505.625pt x 627.34375pt>
File: figures/lr02_data_manifold.png Graphic file (type png)
<use figures/lr02_data_manifold.png>
Package pdftex.def Info: figures/lr02_data_manifold.png  used on input line 257.
(pdftex.def)             Requested size: 388.09775pt x 161.70793pt.
<figures/lr02_compositional.png, id=2160, 1505.625pt x 627.34375pt>
File: figures/lr02_compositional.png Graphic file (type png)
<use figures/lr02_compositional.png>
Package pdftex.def Info: figures/lr02_compositional.png  used on input line 276.
(pdftex.def)             Requested size: 405.7355pt x 169.05003pt.


Package fancyhdr Warning: \headheight is too small (12.0pt): 
(fancyhdr)                Make it at least 13.59999pt, for example:
(fancyhdr)                \setlength{\headheight}{13.59999pt}.
(fancyhdr)                You might also make \topmargin smaller:
(fancyhdr)                \addtolength{\topmargin}{-1.59999pt}.

[33 <./figures/lr02_disentangling.png (PNG copy)> <./figures/lr02_data_manifold.png (PNG copy)>]
<figures/lr02_hierarchical.png, id=2167, 1505.625pt x 627.34375pt>
File: figures/lr02_hierarchical.png Graphic file (type png)
<use figures/lr02_hierarchical.png>
Package pdftex.def Info: figures/lr02_hierarchical.png  used on input line 289.
(pdftex.def)             Requested size: 361.63776pt x 150.68044pt.

Overfull \hbox (4.8917pt too wide) in paragraph at lines 318--332
 [] 
 []


Package fancyhdr Warning: \headheight is too small (12.0pt): 
(fancyhdr)                Make it at least 13.59999pt, for example:
(fancyhdr)                \setlength{\headheight}{13.59999pt}.
(fancyhdr)                You might also make \topmargin smaller:
(fancyhdr)                \addtolength{\topmargin}{-1.59999pt}.

[34 <./figures/lr02_compositional.png (PNG copy)> <./figures/lr02_hierarchical.png (PNG copy)>]) (./chapters/ch03_activation_functions.tex

Package fancyhdr Warning: \headheight is too small (12.0pt): 
(fancyhdr)                Make it at least 13.59999pt, for example:
(fancyhdr)                \setlength{\headheight}{13.59999pt}.
(fancyhdr)                You might also make \topmargin smaller:
(fancyhdr)                \addtolength{\topmargin}{-1.59999pt}.

[35]
\bbl@ensure@italian {Capitolo} 4.
<figures/af03_vanishing_gradient.png, id=2183, 722.7pt x 406.7195pt>
File: figures/af03_vanishing_gradient.png Graphic file (type png)
<use figures/af03_vanishing_gradient.png>
Package pdftex.def Info: figures/af03_vanishing_gradient.png  used on input line 36.
(pdftex.def)             Requested size: 361.63776pt x 203.5206pt.
[36

]
<figures/af03_nonsaturating_overview.png, id=2191, 722.7pt x 406.7195pt>
File: figures/af03_nonsaturating_overview.png Graphic file (type png)
<use figures/af03_nonsaturating_overview.png>
Package pdftex.def Info: figures/af03_nonsaturating_overview.png  used on input line 54.
(pdftex.def)             Requested size: 396.91325pt x 223.37369pt.
LaTeX Font Info:    Font shape `T1/cmtt/bx/n' in size <14.4> not available
(Font)              Font shape `T1/cmtt/m/n' tried instead on input line 66.


Package fancyhdr Warning: \headheight is too small (12.0pt): 
(fancyhdr)                Make it at least 13.59999pt, for example:
(fancyhdr)                \setlength{\headheight}{13.59999pt}.
(fancyhdr)                You might also make \topmargin smaller:
(fancyhdr)                \addtolength{\topmargin}{-1.59999pt}.

[37 <./figures/af03_vanishing_gradient.png (PNG copy)> <./figures/af03_nonsaturating_overview.png (PNG copy)>]
<figures/af03_relu.png, id=2200, 722.7pt x 406.7195pt>
File: figures/af03_relu.png Graphic file (type png)
<use figures/af03_relu.png>
Package pdftex.def Info: figures/af03_relu.png  used on input line 78.
(pdftex.def)             Requested size: 317.5333pt x 178.70267pt.
<figures/af03_leaky_relu.png, id=2201, 722.7pt x 406.7195pt>
File: figures/af03_leaky_relu.png Graphic file (type png)
<use figures/af03_leaky_relu.png>
Package pdftex.def Info: figures/af03_leaky_relu.png  used on input line 114.
(pdftex.def)             Requested size: 317.5333pt x 178.70267pt.


Package fancyhdr Warning: \headheight is too small (12.0pt): 
(fancyhdr)                Make it at least 13.59999pt, for example:
(fancyhdr)                \setlength{\headheight}{13.59999pt}.
(fancyhdr)                You might also make \topmargin smaller:
(fancyhdr)                \addtolength{\topmargin}{-1.59999pt}.

[38 <./figures/af03_relu.png (PNG copy)>]
<figures/af03_prelu.png, id=2211, 722.7pt x 406.7195pt>
File: figures/af03_prelu.png Graphic file (type png)
<use figures/af03_prelu.png>
Package pdftex.def Info: figures/af03_prelu.png  used on input line 139.
(pdftex.def)             Requested size: 317.5333pt x 178.70267pt.


Package fancyhdr Warning: \headheight is too small (12.0pt): 
(fancyhdr)                Make it at least 13.59999pt, for example:
(fancyhdr)                \setlength{\headheight}{13.59999pt}.
(fancyhdr)                You might also make \topmargin smaller:
(fancyhdr)                \addtolength{\topmargin}{-1.59999pt}.

[39 <./figures/af03_leaky_relu.png (PNG copy)> <./figures/af03_prelu.png (PNG copy)>]
<figures/af03_rrelu.png, id=2219, 722.7pt x 406.7195pt>
File: figures/af03_rrelu.png Graphic file (type png)
<use figures/af03_rrelu.png>
Package pdftex.def Info: figures/af03_rrelu.png  used on input line 165.
(pdftex.def)             Requested size: 374.86775pt x 210.96783pt.
<figures/af03_lrelu_prelu_rrelu_diff.png, id=2220, 722.7pt x 406.7195pt>
File: figures/af03_lrelu_prelu_rrelu_diff.png Graphic file (type png)
<use figures/af03_lrelu_prelu_rrelu_diff.png>
Package pdftex.def Info: figures/af03_lrelu_prelu_rrelu_diff.png  used on input line 175.
(pdftex.def)             Requested size: 352.81552pt x 198.55577pt.
<figures/af03_relu6.png, id=2221, 722.7pt x 406.7195pt>
File: figures/af03_relu6.png Graphic file (type png)
<use figures/af03_relu6.png>
Package pdftex.def Info: figures/af03_relu6.png  used on input line 191.
(pdftex.def)             Requested size: 317.5333pt x 178.70267pt.


Package fancyhdr Warning: \headheight is too small (12.0pt): 
(fancyhdr)                Make it at least 13.59999pt, for example:
(fancyhdr)                \setlength{\headheight}{13.59999pt}.
(fancyhdr)                You might also make \topmargin smaller:
(fancyhdr)                \addtolength{\topmargin}{-1.59999pt}.

[40 <./figures/af03_rrelu.png (PNG copy)> <./figures/af03_lrelu_prelu_rrelu_diff.png (PNG copy)>]
<figures/af03_elu.png, id=2233, 722.7pt x 406.7195pt>
File: figures/af03_elu.png Graphic file (type png)
<use figures/af03_elu.png>
Package pdftex.def Info: figures/af03_elu.png  used on input line 215.
(pdftex.def)             Requested size: 317.5333pt x 178.70267pt.


Package fancyhdr Warning: \headheight is too small (12.0pt): 
(fancyhdr)                Make it at least 13.59999pt, for example:
(fancyhdr)                \setlength{\headheight}{13.59999pt}.
(fancyhdr)                You might also make \topmargin smaller:
(fancyhdr)                \addtolength{\topmargin}{-1.59999pt}.

[41 <./figures/af03_relu6.png (PNG copy)> <./figures/af03_elu.png (PNG copy)>]
<figures/af03_celu.png, id=2241, 722.7pt x 406.7195pt>
File: figures/af03_celu.png Graphic file (type png)
<use figures/af03_celu.png>
Package pdftex.def Info: figures/af03_celu.png  used on input line 238.
(pdftex.def)             Requested size: 317.5333pt x 178.70267pt.
<figures/af03_selu.png, id=2242, 722.7pt x 406.7195pt>
File: figures/af03_selu.png Graphic file (type png)
<use figures/af03_selu.png>
Package pdftex.def Info: figures/af03_selu.png  used on input line 257.
(pdftex.def)             Requested size: 317.5333pt x 178.70267pt.


Package fancyhdr Warning: \headheight is too small (12.0pt): 
(fancyhdr)                Make it at least 13.59999pt, for example:
(fancyhdr)                \setlength{\headheight}{13.59999pt}.
(fancyhdr)                You might also make \topmargin smaller:
(fancyhdr)                \addtolength{\topmargin}{-1.59999pt}.

[42 <./figures/af03_celu.png (PNG copy)> <./figures/af03_selu.png (PNG copy)>]
<figures/af03_softplus.png, id=2252, 722.7pt x 406.7195pt>
File: figures/af03_softplus.png Graphic file (type png)
<use figures/af03_softplus.png>
Package pdftex.def Info: figures/af03_softplus.png  used on input line 279.
(pdftex.def)             Requested size: 317.5333pt x 178.70267pt.
<figures/af03_gelu.png, id=2253, 722.7pt x 406.7195pt>
File: figures/af03_gelu.png Graphic file (type png)
<use figures/af03_gelu.png>
Package pdftex.def Info: figures/af03_gelu.png  used on input line 301.
(pdftex.def)             Requested size: 317.5333pt x 178.70267pt.


Package fancyhdr Warning: \headheight is too small (12.0pt): 
(fancyhdr)                Make it at least 13.59999pt, for example:
(fancyhdr)                \setlength{\headheight}{13.59999pt}.
(fancyhdr)                You might also make \topmargin smaller:
(fancyhdr)                \addtolength{\topmargin}{-1.59999pt}.

[43 <./figures/af03_softplus.png (PNG copy)>]
<figures/af03_sigmoid.png, id=2262, 722.7pt x 406.7195pt>
File: figures/af03_sigmoid.png Graphic file (type png)
<use figures/af03_sigmoid.png>
Package pdftex.def Info: figures/af03_sigmoid.png  used on input line 329.
(pdftex.def)             Requested size: 374.86775pt x 210.96783pt.


Package fancyhdr Warning: \headheight is too small (12.0pt): 
(fancyhdr)                Make it at least 13.59999pt, for example:
(fancyhdr)                \setlength{\headheight}{13.59999pt}.
(fancyhdr)                You might also make \topmargin smaller:
(fancyhdr)                \addtolength{\topmargin}{-1.59999pt}.

[44 <./figures/af03_gelu.png (PNG copy)>]
<figures/af03_tanh.png, id=2271, 722.7pt x 406.7195pt>
File: figures/af03_tanh.png Graphic file (type png)
<use figures/af03_tanh.png>
Package pdftex.def Info: figures/af03_tanh.png  used on input line 356.
(pdftex.def)             Requested size: 374.86775pt x 210.96783pt.


Package fancyhdr Warning: \headheight is too small (12.0pt): 
(fancyhdr)                Make it at least 13.59999pt, for example:
(fancyhdr)                \setlength{\headheight}{13.59999pt}.
(fancyhdr)                You might also make \topmargin smaller:
(fancyhdr)                \addtolength{\topmargin}{-1.59999pt}.

[45 <./figures/af03_sigmoid.png (PNG copy)>]
<figures/af03_hardtanh.png, id=2282, 722.7pt x 406.7195pt>
File: figures/af03_hardtanh.png Graphic file (type png)
<use figures/af03_hardtanh.png>
Package pdftex.def Info: figures/af03_hardtanh.png  used on input line 384.
(pdftex.def)             Requested size: 374.86775pt x 210.96783pt.


Package fancyhdr Warning: \headheight is too small (12.0pt): 
(fancyhdr)                Make it at least 13.59999pt, for example:
(fancyhdr)                \setlength{\headheight}{13.59999pt}.
(fancyhdr)                You might also make \topmargin smaller:
(fancyhdr)                \addtolength{\topmargin}{-1.59999pt}.

[46 <./figures/af03_tanh.png (PNG copy)>]
<figures/af03_softsign.png, id=2290, 722.7pt x 406.7195pt>
File: figures/af03_softsign.png Graphic file (type png)
<use figures/af03_softsign.png>
Package pdftex.def Info: figures/af03_softsign.png  used on input line 402.
(pdftex.def)             Requested size: 317.5333pt x 178.70267pt.


Package fancyhdr Warning: \headheight is too small (12.0pt): 
(fancyhdr)                Make it at least 13.59999pt, for example:
(fancyhdr)                \setlength{\headheight}{13.59999pt}.
(fancyhdr)                You might also make \topmargin smaller:
(fancyhdr)                \addtolength{\topmargin}{-1.59999pt}.

[47 <./figures/af03_hardtanh.png (PNG copy)> <./figures/af03_softsign.png (PNG copy)>]
<figures/af03_threshold.png, id=2298, 722.7pt x 406.7195pt>
File: figures/af03_threshold.png Graphic file (type png)
<use figures/af03_threshold.png>
Package pdftex.def Info: figures/af03_threshold.png  used on input line 427.
(pdftex.def)             Requested size: 317.5333pt x 178.70267pt.
<figures/af03_tanhshrink.png, id=2299, 722.7pt x 406.7195pt>
File: figures/af03_tanhshrink.png Graphic file (type png)
<use figures/af03_tanhshrink.png>
Package pdftex.def Info: figures/af03_tanhshrink.png  used on input line 445.
(pdftex.def)             Requested size: 317.5333pt x 178.70267pt.


Package fancyhdr Warning: \headheight is too small (12.0pt): 
(fancyhdr)                Make it at least 13.59999pt, for example:
(fancyhdr)                \setlength{\headheight}{13.59999pt}.
(fancyhdr)                You might also make \topmargin smaller:
(fancyhdr)                \addtolength{\topmargin}{-1.59999pt}.

[48 <./figures/af03_threshold.png (PNG copy)> <./figures/af03_tanhshrink.png (PNG copy)>]
<figures/af03_softshrink.png, id=2309, 722.7pt x 406.7195pt>
File: figures/af03_softshrink.png Graphic file (type png)
<use figures/af03_softshrink.png>
Package pdftex.def Info: figures/af03_softshrink.png  used on input line 466.
(pdftex.def)             Requested size: 374.86775pt x 210.96783pt.
<figures/af03_hardshrink.png, id=2310, 722.7pt x 406.7195pt>
File: figures/af03_hardshrink.png Graphic file (type png)
<use figures/af03_hardshrink.png>
Package pdftex.def Info: figures/af03_hardshrink.png  used on input line 489.
(pdftex.def)             Requested size: 374.86775pt x 210.96783pt.


Package fancyhdr Warning: \headheight is too small (12.0pt): 
(fancyhdr)                Make it at least 13.59999pt, for example:
(fancyhdr)                \setlength{\headheight}{13.59999pt}.
(fancyhdr)                You might also make \topmargin smaller:
(fancyhdr)                \addtolength{\topmargin}{-1.59999pt}.

[49 <./figures/af03_softshrink.png (PNG copy)>]
LaTeX Font Info:    Font shape `T1/cmtt/bx/n' in size <17.28> not available
(Font)              Font shape `T1/cmtt/m/n' tried instead on input line 499.
<figures/af03_logsigmoid.png, id=2318, 722.7pt x 406.7195pt>
File: figures/af03_logsigmoid.png Graphic file (type png)
<use figures/af03_logsigmoid.png>
Package pdftex.def Info: figures/af03_logsigmoid.png  used on input line 508.
(pdftex.def)             Requested size: 374.86775pt x 210.96783pt.


Package fancyhdr Warning: \headheight is too small (12.0pt): 
(fancyhdr)                Make it at least 13.59999pt, for example:
(fancyhdr)                \setlength{\headheight}{13.59999pt}.
(fancyhdr)                You might also make \topmargin smaller:
(fancyhdr)                \addtolength{\topmargin}{-1.59999pt}.

[50 <./figures/af03_hardshrink.png (PNG copy)> <./figures/af03_logsigmoid.png (PNG copy)>]
<figures/af03_softmin.png, id=2327, 722.7pt x 406.7195pt>
File: figures/af03_softmin.png Graphic file (type png)
<use figures/af03_softmin.png>
Package pdftex.def Info: figures/af03_softmin.png  used on input line 534.
(pdftex.def)             Requested size: 317.5333pt x 178.70267pt.
<figures/af03_softmax.png, id=2328, 722.7pt x 406.7195pt>
File: figures/af03_softmax.png Graphic file (type png)
<use figures/af03_softmax.png>
Package pdftex.def Info: figures/af03_softmax.png  used on input line 552.
(pdftex.def)             Requested size: 317.5333pt x 178.70267pt.


Package fancyhdr Warning: \headheight is too small (12.0pt): 
(fancyhdr)                Make it at least 13.59999pt, for example:
(fancyhdr)                \setlength{\headheight}{13.59999pt}.
(fancyhdr)                You might also make \topmargin smaller:
(fancyhdr)                \addtolength{\topmargin}{-1.59999pt}.

[51 <./figures/af03_softmin.png (PNG copy)>]
<figures/af03_softmax_relation_sigmoid.png, id=2336, 722.7pt x 406.7195pt>
File: figures/af03_softmax_relation_sigmoid.png Graphic file (type png)
<use figures/af03_softmax_relation_sigmoid.png>
Package pdftex.def Info: figures/af03_softmax_relation_sigmoid.png  used on input line 573.
(pdftex.def)             Requested size: 317.5333pt x 178.70267pt.
<figures/af03_logsoftmax.png, id=2337, 722.7pt x 406.7195pt>
File: figures/af03_logsoftmax.png Graphic file (type png)
<use figures/af03_logsoftmax.png>
Package pdftex.def Info: figures/af03_logsoftmax.png  used on input line 589.
(pdftex.def)             Requested size: 317.5333pt x 178.70267pt.


Package fancyhdr Warning: \headheight is too small (12.0pt): 
(fancyhdr)                Make it at least 13.59999pt, for example:
(fancyhdr)                \setlength{\headheight}{13.59999pt}.
(fancyhdr)                You might also make \topmargin smaller:
(fancyhdr)                \addtolength{\topmargin}{-1.59999pt}.

[52 <./figures/af03_softmax.png (PNG copy)> <./figures/af03_softmax_relation_sigmoid.png (PNG copy)>]
<figures/af03_softmax_crossentropy.png, id=2348, 722.7pt x 406.7195pt>
File: figures/af03_softmax_crossentropy.png Graphic file (type png)
<use figures/af03_softmax_crossentropy.png>
Package pdftex.def Info: figures/af03_softmax_crossentropy.png  used on input line 619.
(pdftex.def)             Requested size: 361.63776pt x 203.5206pt.


Package fancyhdr Warning: \headheight is too small (12.0pt): 
(fancyhdr)                Make it at least 13.59999pt, for example:
(fancyhdr)                \setlength{\headheight}{13.59999pt}.
(fancyhdr)                You might also make \topmargin smaller:
(fancyhdr)                \addtolength{\topmargin}{-1.59999pt}.

[53 <./figures/af03_logsoftmax.png (PNG copy)>]

Package fancyhdr Warning: \headheight is too small (12.0pt): 
(fancyhdr)                Make it at least 13.59999pt, for example:
(fancyhdr)                \setlength{\headheight}{13.59999pt}.
(fancyhdr)                You might also make \topmargin smaller:
(fancyhdr)                \addtolength{\topmargin}{-1.59999pt}.

[54 <./figures/af03_softmax_crossentropy.png (PNG copy)>]) (./chapters/ch04_loss_functions.tex

Package fancyhdr Warning: \headheight is too small (12.0pt): 
(fancyhdr)                Make it at least 13.59999pt, for example:
(fancyhdr)                \setlength{\headheight}{13.59999pt}.
(fancyhdr)                You might also make \topmargin smaller:
(fancyhdr)                \addtolength{\topmargin}{-1.59999pt}.

[55]
\bbl@ensure@italian {Capitolo} 5.
[56

]
<figures/cf04_l1l2_cv_example.png, id=2392, 1254.6875pt x 478.78876pt>
File: figures/cf04_l1l2_cv_example.png Graphic file (type png)
<use figures/cf04_l1l2_cv_example.png>
Package pdftex.def Info: figures/cf04_l1l2_cv_example.png  used on input line 121.
(pdftex.def)             Requested size: 361.63776pt x 137.99771pt.


Package fancyhdr Warning: \headheight is too small (12.0pt): 
(fancyhdr)                Make it at least 13.59999pt, for example:
(fancyhdr)                \setlength{\headheight}{13.59999pt}.
(fancyhdr)                You might also make \topmargin smaller:
(fancyhdr)                \addtolength{\topmargin}{-1.59999pt}.

[57]
Overfull \hbox (25.88576pt too wide) detected at line 146
[][][]\OML/cmm/m/it/12 l\OT1/cmr/m/n/12 (\OML/cmm/m/it/12 x; y\OT1/cmr/m/n/12 ) = \OML/cmm/m/it/12 L \OT1/cmr/m/n/12 = \OMS/cmsy/m/n/12 f\OML/cmm/m/it/12 l[]; [] ; l[]\OMS/cmsy/m/n/12 g[]\OML/cmm/m/it/12 ;  l[] \OT1/cmr/m/n/12 = \OMS/cmsy/m/n/12 ^^@\OML/cmm/m/it/12 w[] x[];  w[] \OT1/cmr/m/n/12 = [][\OML/cmm/m/it/12 c\OT1/cmr/m/n/12 ] \OMS/cmsy/m/n/12 ^^A \OT1/cmr/bx/n/12 1\OMS/cmsy/m/n/12 f\OML/cmm/m/it/12 c \OMS/cmsy/m/n/12 6\OT1/cmr/m/n/12 = []\OMS/cmsy/m/n/12 g\OML/cmm/m/it/12 :
 []


Package fancyhdr Warning: \headheight is too small (12.0pt): 
(fancyhdr)                Make it at least 13.59999pt, for example:
(fancyhdr)                \setlength{\headheight}{13.59999pt}.
(fancyhdr)                You might also make \topmargin smaller:
(fancyhdr)                \addtolength{\topmargin}{-1.59999pt}.

[58 <./figures/cf04_l1l2_cv_example.png (PNG copy)>]

Package fancyhdr Warning: \headheight is too small (12.0pt): 
(fancyhdr)                Make it at least 13.59999pt, for example:
(fancyhdr)                \setlength{\headheight}{13.59999pt}.
(fancyhdr)                You might also make \topmargin smaller:
(fancyhdr)                \addtolength{\topmargin}{-1.59999pt}.

[59]
LaTeX Font Info:    Font shape `T1/cmtt/bx/n' in size <12> not available
(Font)              Font shape `T1/cmtt/m/n' tried instead on input line 254.


Package fancyhdr Warning: \headheight is too small (12.0pt): 
(fancyhdr)                Make it at least 13.59999pt, for example:
(fancyhdr)                \setlength{\headheight}{13.59999pt}.
(fancyhdr)                You might also make \topmargin smaller:
(fancyhdr)                \addtolength{\topmargin}{-1.59999pt}.

[60]

Package fancyhdr Warning: \headheight is too small (12.0pt): 
(fancyhdr)                Make it at least 13.59999pt, for example:
(fancyhdr)                \setlength{\headheight}{13.59999pt}.
(fancyhdr)                You might also make \topmargin smaller:
(fancyhdr)                \addtolength{\topmargin}{-1.59999pt}.

[61]
<figures/cf04_cosine_encoder_diagram.png, id=2443, 908.39375pt x 332.24126pt>
File: figures/cf04_cosine_encoder_diagram.png Graphic file (type png)
<use figures/cf04_cosine_encoder_diagram.png>
Package pdftex.def Info: figures/cf04_cosine_encoder_diagram.png  used on input line 398.
(pdftex.def)             Requested size: 299.88882pt x 109.6805pt.
<figures/cf04_cosine_unit_circle.png, id=2444, 765.86125pt x 387.4475pt>
File: figures/cf04_cosine_unit_circle.png Graphic file (type png)
<use figures/cf04_cosine_unit_circle.png>
Package pdftex.def Info: figures/cf04_cosine_unit_circle.png  used on input line 415.
(pdftex.def)             Requested size: 229.3311pt x 116.0164pt.


Package fancyhdr Warning: \headheight is too small (12.0pt): 
(fancyhdr)                Make it at least 13.59999pt, for example:
(fancyhdr)                \setlength{\headheight}{13.59999pt}.
(fancyhdr)                You might also make \topmargin smaller:
(fancyhdr)                \addtolength{\topmargin}{-1.59999pt}.

[62 <./figures/cf04_cosine_encoder_diagram.png (PNG copy)>]

Package fancyhdr Warning: \headheight is too small (12.0pt): 
(fancyhdr)                Make it at least 13.59999pt, for example:
(fancyhdr)                \setlength{\headheight}{13.59999pt}.
(fancyhdr)                You might also make \topmargin smaller:
(fancyhdr)                \addtolength{\topmargin}{-1.59999pt}.

[63 <./figures/cf04_cosine_unit_circle.png (PNG copy)>]) (./chapters/ch05_optimization.tex

Package fancyhdr Warning: \headheight is too small (12.0pt): 
(fancyhdr)                Make it at least 13.59999pt, for example:
(fancyhdr)                \setlength{\headheight}{13.59999pt}.
(fancyhdr)                You might also make \topmargin smaller:
(fancyhdr)                \addtolength{\topmargin}{-1.59999pt}.

[64]
\bbl@ensure@italian {Capitolo} 6.
<figures/cf05_error_surface_bowl.png, id=2474, 387.4475pt x 442.65375pt>
File: figures/cf05_error_surface_bowl.png Graphic file (type png)
<use figures/cf05_error_surface_bowl.png>
Package pdftex.def Info: figures/cf05_error_surface_bowl.png  used on input line 38.
(pdftex.def)             Requested size: 317.5333pt x 362.78253pt.
[65

]

Package fancyhdr Warning: \headheight is too small (12.0pt): 
(fancyhdr)                Make it at least 13.59999pt, for example:
(fancyhdr)                \setlength{\headheight}{13.59999pt}.
(fancyhdr)                You might also make \topmargin smaller:
(fancyhdr)                \addtolength{\topmargin}{-1.59999pt}.

[66 <./figures/cf05_error_surface_bowl.png>]
<figures/cf05_lr_schedule.png, id=2489, 481.8pt x 372.39125pt>
File: figures/cf05_lr_schedule.png Graphic file (type png)
<use figures/cf05_lr_schedule.png>
Package pdftex.def Info: figures/cf05_lr_schedule.png  used on input line 109.
(pdftex.def)             Requested size: 264.61333pt x 204.52602pt.


Package fancyhdr Warning: \headheight is too small (12.0pt): 
(fancyhdr)                Make it at least 13.59999pt, for example:
(fancyhdr)                \setlength{\headheight}{13.59999pt}.
(fancyhdr)                You might also make \topmargin smaller:
(fancyhdr)                \addtolength{\topmargin}{-1.59999pt}.

[67]

Package natbib Warning: Citation `glorot2010' on page 68 undefined on input line 141.


Package fancyhdr Warning: \headheight is too small (12.0pt): 
(fancyhdr)                Make it at least 13.59999pt, for example:
(fancyhdr)                \setlength{\headheight}{13.59999pt}.
(fancyhdr)                You might also make \topmargin smaller:
(fancyhdr)                \addtolength{\topmargin}{-1.59999pt}.

[68 <./figures/cf05_lr_schedule.png>]
Overfull \hbox (45.00902pt too wide) in paragraph at lines 155--158
\T1/cmr/m/n/12 Re-LU nel-la va-rian-te He). In Py-Torch: \T1/cmtt/m/n/12 nn.init.xavier_uniform_ \T1/cmr/m/n/12 e \T1/cmtt/m/n/12 nn.init.xavier_normal_\T1/cmr/m/n/12 . 
 []

<figures/cf05_momentum_comparison.png, id=2505, 1254.6875pt x 277.035pt>
File: figures/cf05_momentum_comparison.png Graphic file (type png)
<use figures/cf05_momentum_comparison.png>
Package pdftex.def Info: figures/cf05_momentum_comparison.png  used on input line 194.
(pdftex.def)             Requested size: 330.76329pt x 73.03346pt.

Package fancyhdr Warning: \headheight is too small (12.0pt): 
(fancyhdr)                Make it at least 13.59999pt, for example:
(fancyhdr)                \setlength{\headheight}{13.59999pt}.
(fancyhdr)                You might also make \topmargin smaller:
(fancyhdr)                \addtolength{\topmargin}{-1.59999pt}.

[69 <./figures/cf05_momentum_comparison.png>]

Package natbib Warning: Citation `sutskever2012' on page 70 undefined on input line 236.

<figures/cf05_nesterov_vectors.png, id=2515, 644.4075pt x 191.71625pt>
File: figures/cf05_nesterov_vectors.png Graphic file (type png)
<use figures/cf05_nesterov_vectors.png>
Package pdftex.def Info: figures/cf05_nesterov_vectors.png  used on input line 256.
(pdftex.def)             Requested size: 242.5611pt x 72.16547pt.

Package fancyhdr Warning: \headheight is too small (12.0pt): 
(fancyhdr)                Make it at least 13.59999pt, for example:
(fancyhdr)                \setlength{\headheight}{13.59999pt}.
(fancyhdr)                You might also make \topmargin smaller:
(fancyhdr)                \addtolength{\topmargin}{-1.59999pt}.

[70 <./figures/cf05_nesterov_vectors.png>]

Package fancyhdr Warning: \headheight is too small (12.0pt): 
(fancyhdr)                Make it at least 13.59999pt, for example:
(fancyhdr)                \setlength{\headheight}{13.59999pt}.
(fancyhdr)                You might also make \topmargin smaller:
(fancyhdr)                \addtolength{\topmargin}{-1.59999pt}.

[71]

Package fancyhdr Warning: \headheight is too small (12.0pt): 
(fancyhdr)                Make it at least 13.59999pt, for example:
(fancyhdr)                \setlength{\headheight}{13.59999pt}.
(fancyhdr)                You might also make \topmargin smaller:
(fancyhdr)                \addtolength{\topmargin}{-1.59999pt}.

[72]

Package fancyhdr Warning: \headheight is too small (12.0pt): 
(fancyhdr)                Make it at least 13.59999pt, for example:
(fancyhdr)                \setlength{\headheight}{13.59999pt}.
(fancyhdr)                You might also make \topmargin smaller:
(fancyhdr)                \addtolength{\topmargin}{-1.59999pt}.

[73]

Package natbib Warning: Citation `kingma2014adam' on page 74 undefined on input line 457.

<figures/cf05_sgd_rmsprop_adam.png, id=2555, 706.64pt x 414.54875pt>
File: figures/cf05_sgd_rmsprop_adam.png Graphic file (type png)
<use figures/cf05_sgd_rmsprop_adam.png>
Package pdftex.def Info: figures/cf05_sgd_rmsprop_adam.png  used on input line 494.
(pdftex.def)             Requested size: 388.09775pt x 227.6799pt.

Package fancyhdr Warning: \headheight is too small (12.0pt): 
(fancyhdr)                Make it at least 13.59999pt, for example:
(fancyhdr)                \setlength{\headheight}{13.59999pt}.
(fancyhdr)                You might also make \topmargin smaller:
(fancyhdr)                \addtolength{\topmargin}{-1.59999pt}.

[74]

Package natbib Warning: Citation `chen2023lion' on page 75 undefined on input line 541.


Package fancyhdr Warning: \headheight is too small (12.0pt): 
(fancyhdr)                Make it at least 13.59999pt, for example:
(fancyhdr)                \setlength{\headheight}{13.59999pt}.
(fancyhdr)                You might also make \topmargin smaller:
(fancyhdr)                \addtolength{\topmargin}{-1.59999pt}.

[75 <./figures/cf05_sgd_rmsprop_adam.png>]

Package fancyhdr Warning: \headheight is too small (12.0pt): 
(fancyhdr)                Make it at least 13.59999pt, for example:
(fancyhdr)                \setlength{\headheight}{13.59999pt}.
(fancyhdr)                You might also make \topmargin smaller:
(fancyhdr)                \addtolength{\topmargin}{-1.59999pt}.

[76]
Overfull \hbox (101.80608pt too wide) in paragraph at lines 639--660
 [][] 
 []


Package fancyhdr Warning: \headheight is too small (12.0pt): 
(fancyhdr)                Make it at least 13.59999pt, for example:
(fancyhdr)                \setlength{\headheight}{13.59999pt}.
(fancyhdr)                You might also make \topmargin smaller:
(fancyhdr)                \addtolength{\topmargin}{-1.59999pt}.

[77]) (./chapters/ch06_normalization.tex

Package fancyhdr Warning: \headheight is too small (12.0pt): 
(fancyhdr)                Make it at least 13.59999pt, for example:
(fancyhdr)                \setlength{\headheight}{13.59999pt}.
(fancyhdr)                You might also make \topmargin smaller:
(fancyhdr)                \addtolength{\topmargin}{-1.59999pt}.

[78]
\bbl@ensure@italian {Capitolo} 7.

Package natbib Warning: Citation `ioffe2015batch' on page 79 undefined on input line 40.

[79

]

Package natbib Warning: Citation `ioffe2015batch' on page 80 undefined on input line 60.

<figures/cf06_bn_layer_diagram.png, id=2616, 1156.32pt x 670.505pt>
File: figures/cf06_bn_layer_diagram.png Graphic file (type png)
<use figures/cf06_bn_layer_diagram.png>
Package pdftex.def Info: figures/cf06_bn_layer_diagram.png  used on input line 67.
(pdftex.def)             Requested size: 317.5333pt x 184.11832pt.
<figures/cf06_bn_algorithm.png, id=2617, 1264.725pt x 691.58376pt>
File: figures/cf06_bn_algorithm.png Graphic file (type png)
<use figures/cf06_bn_algorithm.png>
Package pdftex.def Info: figures/cf06_bn_algorithm.png  used on input line 97.
(pdftex.def)             Requested size: 273.42883pt x 149.51071pt.

Package natbib Warning: Citation `ioffe2015batch' on page 80 undefined on input line 101.


Package natbib Warning: Citation `ioffe2015batch' on page 80 undefined on input line 101.


Package fancyhdr Warning: \headheight is too small (12.0pt): 
(fancyhdr)                Make it at least 13.59999pt, for example:
(fancyhdr)                \setlength{\headheight}{13.59999pt}.
(fancyhdr)                You might also make \topmargin smaller:
(fancyhdr)                \addtolength{\topmargin}{-1.59999pt}.

[80 <./figures/cf06_bn_layer_diagram.png (PNG copy)>]

Package hyperref Warning: Token not allowed in a PDF string (Unicode):
(hyperref)                removing `math shift' on input line 105.


Package hyperref Warning: Token not allowed in a PDF string (Unicode):
(hyperref)                removing `\gamma' on input line 105.


Package hyperref Warning: Token not allowed in a PDF string (Unicode):
(hyperref)                removing `math shift' on input line 105.


Package hyperref Warning: Token not allowed in a PDF string (Unicode):
(hyperref)                removing `math shift' on input line 105.


Package hyperref Warning: Token not allowed in a PDF string (Unicode):
(hyperref)                removing `\beta' on input line 105.


Package hyperref Warning: Token not allowed in a PDF string (Unicode):
(hyperref)                removing `math shift' on input line 105.


Package fancyhdr Warning: \headheight is too small (12.0pt): 
(fancyhdr)                Make it at least 13.59999pt, for example:
(fancyhdr)                \setlength{\headheight}{13.59999pt}.
(fancyhdr)                You might also make \topmargin smaller:
(fancyhdr)                \addtolength{\topmargin}{-1.59999pt}.

[81 <./figures/cf06_bn_algorithm.png (PNG copy)>]
<figures/cf06_bn_mnist_activations.png, id=2635, 1445.4pt x 487.8225pt>
File: figures/cf06_bn_mnist_activations.png Graphic file (type png)
<use figures/cf06_bn_mnist_activations.png>
Package pdftex.def Info: figures/cf06_bn_mnist_activations.png  used on input line 171.
(pdftex.def)             Requested size: 361.63776pt x 122.05208pt.


Package natbib Warning: Citation `ioffe2015batch' on page 82 undefined on input line 178.


Package natbib Warning: Citation `ioffe2015batch' on page 82 undefined on input line 178.

<figures/cf06_bn_positions.png, id=2636, 1698.345pt x 620.3175pt>
File: figures/cf06_bn_positions.png Graphic file (type png)
<use figures/cf06_bn_positions.png>
Package pdftex.def Info: figures/cf06_bn_positions.png  used on input line 193.
(pdftex.def)             Requested size: 361.63776pt x 132.08784pt.

Package fancyhdr Warning: \headheight is too small (12.0pt): 
(fancyhdr)                Make it at least 13.59999pt, for example:
(fancyhdr)                \setlength{\headheight}{13.59999pt}.
(fancyhdr)                You might also make \topmargin smaller:
(fancyhdr)                \addtolength{\topmargin}{-1.59999pt}.

[82 <./figures/cf06_bn_mnist_activations.png (PNG copy)>]
<figures/cf06_norm_types.png, id=2642, 1662.21pt x 457.71pt>
File: figures/cf06_norm_types.png Graphic file (type png)
<use figures/cf06_norm_types.png>
Package pdftex.def Info: figures/cf06_norm_types.png  used on input line 229.
(pdftex.def)             Requested size: 396.91325pt x 109.29391pt.


Package fancyhdr Warning: \headheight is too small (12.0pt): 
(fancyhdr)                Make it at least 13.59999pt, for example:
(fancyhdr)                \setlength{\headheight}{13.59999pt}.
(fancyhdr)                You might also make \topmargin smaller:
(fancyhdr)                \addtolength{\topmargin}{-1.59999pt}.

[83 <./figures/cf06_bn_positions.png (PNG copy)> <./figures/cf06_norm_types.png (PNG copy)>]
Overfull \hbox (74.25975pt too wide) in paragraph at lines 302--313
 [][] 
 []


Package fancyhdr Warning: \headheight is too small (12.0pt): 
(fancyhdr)                Make it at least 13.59999pt, for example:
(fancyhdr)                \setlength{\headheight}{13.59999pt}.
(fancyhdr)                You might also make \topmargin smaller:
(fancyhdr)                \addtolength{\topmargin}{-1.59999pt}.

[84]

Package fancyhdr Warning: \headheight is too small (12.0pt): 
(fancyhdr)                Make it at least 13.59999pt, for example:
(fancyhdr)                \setlength{\headheight}{13.59999pt}.
(fancyhdr)                You might also make \topmargin smaller:
(fancyhdr)                \addtolength{\topmargin}{-1.59999pt}.

[85]) (./chapters/ch07_convolutional_networks.tex

Package fancyhdr Warning: \headheight is too small (12.0pt): 
(fancyhdr)                Make it at least 13.59999pt, for example:
(fancyhdr)                \setlength{\headheight}{13.59999pt}.
(fancyhdr)                You might also make \topmargin smaller:
(fancyhdr)                \addtolength{\topmargin}{-1.59999pt}.

[86]
\bbl@ensure@italian {Capitolo} 8.
[87

]
<figures/cf07_conv_dot_product.jpg, id=2684, 1806.75pt x 761.84625pt>
File: figures/cf07_conv_dot_product.jpg Graphic file (type jpg)
<use figures/cf07_conv_dot_product.jpg>
Package pdftex.def Info: figures/cf07_conv_dot_product.jpg  used on input line 87.
(pdftex.def)             Requested size: 361.63776pt x 152.48279pt.


Package fancyhdr Warning: \headheight is too small (12.0pt): 
(fancyhdr)                Make it at least 13.59999pt, for example:
(fancyhdr)                \setlength{\headheight}{13.59999pt}.
(fancyhdr)                You might also make \topmargin smaller:
(fancyhdr)                \addtolength{\topmargin}{-1.59999pt}.

[88 <./figures/cf07_conv_dot_product.jpg>]
<figures/cf07_activation_map.jpg, id=2693, 1806.75pt x 761.84625pt>
File: figures/cf07_activation_map.jpg Graphic file (type jpg)
<use figures/cf07_activation_map.jpg>
Package pdftex.def Info: figures/cf07_activation_map.jpg  used on input line 113.
(pdftex.def)             Requested size: 361.63776pt x 152.48279pt.
<figures/cf07_six_filters_output.jpg, id=2694, 1806.75pt x 761.84625pt>
File: figures/cf07_six_filters_output.jpg Graphic file (type jpg)
<use figures/cf07_six_filters_output.jpg>
Package pdftex.def Info: figures/cf07_six_filters_output.jpg  used on input line 121.
(pdftex.def)             Requested size: 396.91325pt x 167.36256pt.


Package fancyhdr Warning: \headheight is too small (12.0pt): 
(fancyhdr)                Make it at least 13.59999pt, for example:
(fancyhdr)                \setlength{\headheight}{13.59999pt}.
(fancyhdr)                You might also make \topmargin smaller:
(fancyhdr)                \addtolength{\topmargin}{-1.59999pt}.

[89 <./figures/cf07_activation_map.jpg> <./figures/cf07_six_filters_output.jpg>]
<figures/cf07_stride_formula.jpg, id=2702, 1806.75pt x 761.84625pt>
File: figures/cf07_stride_formula.jpg Graphic file (type jpg)
<use figures/cf07_stride_formula.jpg>
Package pdftex.def Info: figures/cf07_stride_formula.jpg  used on input line 161.
(pdftex.def)             Requested size: 361.63776pt x 152.48279pt.
<figures/cf07_zero_padding.jpg, id=2703, 1806.75pt x 761.84625pt>
File: figures/cf07_zero_padding.jpg Graphic file (type jpg)
<use figures/cf07_zero_padding.jpg>
Package pdftex.def Info: figures/cf07_zero_padding.jpg  used on input line 175.
(pdftex.def)             Requested size: 361.63776pt x 152.48279pt.


Package fancyhdr Warning: \headheight is too small (12.0pt): 
(fancyhdr)                Make it at least 13.59999pt, for example:
(fancyhdr)                \setlength{\headheight}{13.59999pt}.
(fancyhdr)                You might also make \topmargin smaller:
(fancyhdr)                \addtolength{\topmargin}{-1.59999pt}.

[90 <./figures/cf07_stride_formula.jpg>]
<figures/cf07_receptive_fields.jpg, id=2713, 1806.75pt x 761.84625pt>
File: figures/cf07_receptive_fields.jpg Graphic file (type jpg)
<use figures/cf07_receptive_fields.jpg>
Package pdftex.def Info: figures/cf07_receptive_fields.jpg  used on input line 209.
(pdftex.def)             Requested size: 388.09775pt x 163.64262pt.


Package fancyhdr Warning: \headheight is too small (12.0pt): 
(fancyhdr)                Make it at least 13.59999pt, for example:
(fancyhdr)                \setlength{\headheight}{13.59999pt}.
(fancyhdr)                You might also make \topmargin smaller:
(fancyhdr)                \addtolength{\topmargin}{-1.59999pt}.

[91 <./figures/cf07_zero_padding.jpg>]
<figures/cf07_max_pooling.jpg, id=2722, 1806.75pt x 761.84625pt>
File: figures/cf07_max_pooling.jpg Graphic file (type jpg)
<use figures/cf07_max_pooling.jpg>
Package pdftex.def Info: figures/cf07_max_pooling.jpg  used on input line 255.
(pdftex.def)             Requested size: 361.63776pt x 152.48279pt.


Package fancyhdr Warning: \headheight is too small (12.0pt): 
(fancyhdr)                Make it at least 13.59999pt, for example:
(fancyhdr)                \setlength{\headheight}{13.59999pt}.
(fancyhdr)                You might also make \topmargin smaller:
(fancyhdr)                \addtolength{\topmargin}{-1.59999pt}.

[92 <./figures/cf07_receptive_fields.jpg>]

Package fancyhdr Warning: \headheight is too small (12.0pt): 
(fancyhdr)                Make it at least 13.59999pt, for example:
(fancyhdr)                \setlength{\headheight}{13.59999pt}.
(fancyhdr)                You might also make \topmargin smaller:
(fancyhdr)                \addtolength{\topmargin}{-1.59999pt}.

[93 <./figures/cf07_max_pooling.jpg>]

Package fancyhdr Warning: \headheight is too small (12.0pt): 
(fancyhdr)                Make it at least 13.59999pt, for example:
(fancyhdr)                \setlength{\headheight}{13.59999pt}.
(fancyhdr)                You might also make \topmargin smaller:
(fancyhdr)                \addtolength{\topmargin}{-1.59999pt}.

[94]
Underfull \hbox (badness 10000) in paragraph at lines 404--404
[]|\T1/cmr/m/n/10.95 Nonlinearità pun-tua-le
 []


Underfull \hbox (badness 10000) in paragraph at lines 406--406
[]|\T1/cmr/m/n/10.95 POOL
 []


Underfull \hbox (badness 10000) in paragraph at lines 411--411
[]|\T1/cmr/m/n/10.95 Distribuzione di pro-ba-bi-li-tà
 []

) (./chapters/ch08_recurrent_networks.tex

Package fancyhdr Warning: \headheight is too small (12.0pt): 
(fancyhdr)                Make it at least 13.59999pt, for example:
(fancyhdr)                \setlength{\headheight}{13.59999pt}.
(fancyhdr)                You might also make \topmargin smaller:
(fancyhdr)                \addtolength{\topmargin}{-1.59999pt}.

[95]
\bbl@ensure@italian {Capitolo} 9.
[96

]
<figures/cf08_word_embedding.jpg, id=2766, 722.7pt x 406.51875pt>
File: figures/cf08_word_embedding.jpg Graphic file (type jpg)
<use figures/cf08_word_embedding.jpg>
Package pdftex.def Info: figures/cf08_word_embedding.jpg  used on input line 57.
(pdftex.def)             Requested size: 361.63776pt x 203.42014pt.


Package fancyhdr Warning: \headheight is too small (12.0pt): 
(fancyhdr)                Make it at least 13.59999pt, for example:
(fancyhdr)                \setlength{\headheight}{13.59999pt}.
(fancyhdr)                You might also make \topmargin smaller:
(fancyhdr)                \addtolength{\topmargin}{-1.59999pt}.

[97 <./figures/cf08_word_embedding.jpg>]
<figures/cf08_rnn_state_update.jpg, id=2773, 722.7pt x 406.51875pt>
File: figures/cf08_rnn_state_update.jpg Graphic file (type jpg)
<use figures/cf08_rnn_state_update.jpg>
Package pdftex.def Info: figures/cf08_rnn_state_update.jpg  used on input line 108.
(pdftex.def)             Requested size: 361.63776pt x 203.42014pt.
<figures/cf08_rnn_unrolled.jpg, id=2774, 722.7pt x 406.51875pt>
File: figures/cf08_rnn_unrolled.jpg Graphic file (type jpg)
<use figures/cf08_rnn_unrolled.jpg>
Package pdftex.def Info: figures/cf08_rnn_unrolled.jpg  used on input line 141.
(pdftex.def)             Requested size: 361.63776pt x 203.42014pt.


Package fancyhdr Warning: \headheight is too small (12.0pt): 
(fancyhdr)                Make it at least 13.59999pt, for example:
(fancyhdr)                \setlength{\headheight}{13.59999pt}.
(fancyhdr)                You might also make \topmargin smaller:
(fancyhdr)                \addtolength{\topmargin}{-1.59999pt}.

[98 <./figures/cf08_rnn_state_update.jpg>]

Package fancyhdr Warning: \headheight is too small (12.0pt): 
(fancyhdr)                Make it at least 13.59999pt, for example:
(fancyhdr)                \setlength{\headheight}{13.59999pt}.
(fancyhdr)                You might also make \topmargin smaller:
(fancyhdr)                \addtolength{\topmargin}{-1.59999pt}.

[99 <./figures/cf08_rnn_unrolled.jpg>]
<figures/cf08_vanishing_gradients.jpg, id=2798, 722.7pt x 406.51875pt>
File: figures/cf08_vanishing_gradients.jpg Graphic file (type jpg)
<use figures/cf08_vanishing_gradients.jpg>
Package pdftex.def Info: figures/cf08_vanishing_gradients.jpg  used on input line 213.
(pdftex.def)             Requested size: 361.63776pt x 203.42014pt.


Package fancyhdr Warning: \headheight is too small (12.0pt): 
(fancyhdr)                Make it at least 13.59999pt, for example:
(fancyhdr)                \setlength{\headheight}{13.59999pt}.
(fancyhdr)                You might also make \topmargin smaller:
(fancyhdr)                \addtolength{\topmargin}{-1.59999pt}.

[100 <./figures/cf08_vanishing_gradients.jpg>]

Package natbib Warning: Citation `hochreiter1997lstm' on page 101 undefined on input line 247.

<figures/cf08_memory_cell_bptt.jpg, id=2807, 722.7pt x 406.51875pt>
File: figures/cf08_memory_cell_bptt.jpg Graphic file (type jpg)
<use figures/cf08_memory_cell_bptt.jpg>
Package pdftex.def Info: figures/cf08_memory_cell_bptt.jpg  used on input line 255.
(pdftex.def)             Requested size: 361.63776pt x 203.42014pt.
<figures/cf08_lstm_full.jpg, id=2808, 722.7pt x 406.51875pt>
File: figures/cf08_lstm_full.jpg Graphic file (type jpg)
<use figures/cf08_lstm_full.jpg>
Package pdftex.def Info: figures/cf08_lstm_full.jpg  used on input line 276.
(pdftex.def)             Requested size: 330.76329pt x 186.05183pt.

Package fancyhdr Warning: \headheight is too small (12.0pt): 
(fancyhdr)                Make it at least 13.59999pt, for example:
(fancyhdr)                \setlength{\headheight}{13.59999pt}.
(fancyhdr)                You might also make \topmargin smaller:
(fancyhdr)                \addtolength{\topmargin}{-1.59999pt}.

[101 <./figures/cf08_memory_cell_bptt.jpg>]
<figures/cf08_lstm_forget_gate.jpg, id=2815, 722.7pt x 406.51875pt>
File: figures/cf08_lstm_forget_gate.jpg Graphic file (type jpg)
<use figures/cf08_lstm_forget_gate.jpg>
Package pdftex.def Info: figures/cf08_lstm_forget_gate.jpg  used on input line 302.
(pdftex.def)             Requested size: 308.71106pt x 173.6521pt.


Package fancyhdr Warning: \headheight is too small (12.0pt): 
(fancyhdr)                Make it at least 13.59999pt, for example:
(fancyhdr)                \setlength{\headheight}{13.59999pt}.
(fancyhdr)                You might also make \topmargin smaller:
(fancyhdr)                \addtolength{\topmargin}{-1.59999pt}.

[102 <./figures/cf08_lstm_full.jpg> <./figures/cf08_lstm_forget_gate.jpg>]

Package fancyhdr Warning: \headheight is too small (12.0pt): 
(fancyhdr)                Make it at least 13.59999pt, for example:
(fancyhdr)                \setlength{\headheight}{13.59999pt}.
(fancyhdr)                You might also make \topmargin smaller:
(fancyhdr)                \addtolength{\topmargin}{-1.59999pt}.

[103]

Package natbib Warning: Citation `cho2014gru' on page 104 undefined on input line 386.

<figures/cf08_gru_update_gate.jpg, id=2843, 722.7pt x 406.51875pt>
File: figures/cf08_gru_update_gate.jpg Graphic file (type jpg)
<use figures/cf08_gru_update_gate.jpg>
Package pdftex.def Info: figures/cf08_gru_update_gate.jpg  used on input line 412.
(pdftex.def)             Requested size: 317.5333pt x 178.61447pt.

Package fancyhdr Warning: \headheight is too small (12.0pt): 
(fancyhdr)                Make it at least 13.59999pt, for example:
(fancyhdr)                \setlength{\headheight}{13.59999pt}.
(fancyhdr)                You might also make \topmargin smaller:
(fancyhdr)                \addtolength{\topmargin}{-1.59999pt}.

[104 <./figures/cf08_gru_update_gate.jpg>]

Package natbib Warning: Citation `bahdanau2015attention' on page 105 undefined on input line 503.


Package fancyhdr Warning: \headheight is too small (12.0pt): 
(fancyhdr)                Make it at least 13.59999pt, for example:
(fancyhdr)                \setlength{\headheight}{13.59999pt}.
(fancyhdr)                You might also make \topmargin smaller:
(fancyhdr)                \addtolength{\topmargin}{-1.59999pt}.

[105]
Overfull \hbox (38.40828pt too wide) in paragraph at lines 520--523
[]\T1/cmr/m/n/12 Calcolo del-la di-stri-bu-zio-ne di pro-ba-bi-li-tà $\OML/cmm/m/it/12 P\OT1/cmr/m/n/12 (\OML/cmm/m/it/12 w[] \OMS/cmsy/m/n/12 j \OML/cmm/m/it/12 w[]; [] ; w[]\OT1/cmr/m/n/12 )$
 []


Overfull \hbox (26.77292pt too wide) in paragraph at lines 534--545
 [][] 
 []

) (./chapters/ch09_improve_generalization.tex

Package fancyhdr Warning: \headheight is too small (12.0pt): 
(fancyhdr)                Make it at least 13.59999pt, for example:
(fancyhdr)                \setlength{\headheight}{13.59999pt}.
(fancyhdr)                You might also make \topmargin smaller:
(fancyhdr)                \addtolength{\topmargin}{-1.59999pt}.

[106]
\bbl@ensure@italian {Capitolo} 10.
[107

]
<figures/cf09_early_stopping_capacity.jpg, id=2894, 722.7pt x 406.9357pt>
File: figures/cf09_early_stopping_capacity.jpg Graphic file (type jpg)
<use figures/cf09_early_stopping_capacity.jpg>
Package pdftex.def Info: figures/cf09_early_stopping_capacity.jpg  used on input line 84.
(pdftex.def)             Requested size: 317.5333pt x 178.79767pt.


Package fancyhdr Warning: \headheight is too small (12.0pt): 
(fancyhdr)                Make it at least 13.59999pt, for example:
(fancyhdr)                \setlength{\headheight}{13.59999pt}.
(fancyhdr)                You might also make \topmargin smaller:
(fancyhdr)                \addtolength{\topmargin}{-1.59999pt}.

[108 <./figures/cf09_early_stopping_capacity.jpg>]

Package fancyhdr Warning: \headheight is too small (12.0pt): 
(fancyhdr)                Make it at least 13.59999pt, for example:
(fancyhdr)                \setlength{\headheight}{13.59999pt}.
(fancyhdr)                You might also make \topmargin smaller:
(fancyhdr)                \addtolength{\topmargin}{-1.59999pt}.

[109]
<figures/cf09_noise_regularizer.jpg, id=2917, 722.7pt x 406.9357pt>
File: figures/cf09_noise_regularizer.jpg Graphic file (type jpg)
<use figures/cf09_noise_regularizer.jpg>
Package pdftex.def Info: figures/cf09_noise_regularizer.jpg  used on input line 213.
(pdftex.def)             Requested size: 273.42883pt x 153.96034pt.


Package fancyhdr Warning: \headheight is too small (12.0pt): 
(fancyhdr)                Make it at least 13.59999pt, for example:
(fancyhdr)                \setlength{\headheight}{13.59999pt}.
(fancyhdr)                You might also make \topmargin smaller:
(fancyhdr)                \addtolength{\topmargin}{-1.59999pt}.

[110 <./figures/cf09_noise_regularizer.jpg>]

Package fancyhdr Warning: \headheight is too small (12.0pt): 
(fancyhdr)                Make it at least 13.59999pt, for example:
(fancyhdr)                \setlength{\headheight}{13.59999pt}.
(fancyhdr)                You might also make \topmargin smaller:
(fancyhdr)                \addtolength{\topmargin}{-1.59999pt}.

[111]
<figures/cf09_mixture_vs_product.jpg, id=2938, 722.7pt x 406.9357pt>
File: figures/cf09_mixture_vs_product.jpg Graphic file (type jpg)
<use figures/cf09_mixture_vs_product.jpg>
Package pdftex.def Info: figures/cf09_mixture_vs_product.jpg  used on input line 302.
(pdftex.def)             Requested size: 308.71106pt x 173.8302pt.


Package natbib Warning: Citation `srivastava2014dropout' on page 112 undefined on input line 337.


Package fancyhdr Warning: \headheight is too small (12.0pt): 
(fancyhdr)                Make it at least 13.59999pt, for example:
(fancyhdr)                \setlength{\headheight}{13.59999pt}.
(fancyhdr)                You might also make \topmargin smaller:
(fancyhdr)                \addtolength{\topmargin}{-1.59999pt}.

[112 <./figures/cf09_mixture_vs_product.jpg>]
<figures/cf09_dropout_architecture.jpg, id=2946, 722.7pt x 406.9357pt>
File: figures/cf09_dropout_architecture.jpg Graphic file (type jpg)
<use figures/cf09_dropout_architecture.jpg>
Package pdftex.def Info: figures/cf09_dropout_architecture.jpg  used on input line 353.
(pdftex.def)             Requested size: 361.63776pt x 203.62878pt.


Package fancyhdr Warning: \headheight is too small (12.0pt): 
(fancyhdr)                Make it at least 13.59999pt, for example:
(fancyhdr)                \setlength{\headheight}{13.59999pt}.
(fancyhdr)                You might also make \topmargin smaller:
(fancyhdr)                \addtolength{\topmargin}{-1.59999pt}.

[113 <./figures/cf09_dropout_architecture.jpg>]

Package natbib Warning: Citation `srivastava2014dropout' on page 114 undefined on input line 388.


Package fancyhdr Warning: \headheight is too small (12.0pt): 
(fancyhdr)                Make it at least 13.59999pt, for example:
(fancyhdr)                \setlength{\headheight}{13.59999pt}.
(fancyhdr)                You might also make \topmargin smaller:
(fancyhdr)                \addtolength{\topmargin}{-1.59999pt}.

[114]
Overfull \hbox (45.44559pt too wide) in paragraph at lines 449--462
 [][] 
 []

) (./chapters/ch10_autoencoders.tex

Package fancyhdr Warning: \headheight is too small (12.0pt): 
(fancyhdr)                Make it at least 13.59999pt, for example:
(fancyhdr)                \setlength{\headheight}{13.59999pt}.
(fancyhdr)                You might also make \topmargin smaller:
(fancyhdr)                \addtolength{\topmargin}{-1.59999pt}.

[115]
\bbl@ensure@italian {Capitolo} 11.
<figures/cf10_ae_architecture.jpg, id=2995, 722.7pt x 406.9357pt>
File: figures/cf10_ae_architecture.jpg Graphic file (type jpg)
<use figures/cf10_ae_architecture.jpg>
Package pdftex.def Info: figures/cf10_ae_architecture.jpg  used on input line 50.
(pdftex.def)             Requested size: 361.63776pt x 203.62878pt.
[116

]
<figures/cf10_deep_ae_stacked.jpg, id=3003, 722.7pt x 406.9357pt>
File: figures/cf10_deep_ae_stacked.jpg Graphic file (type jpg)
<use figures/cf10_deep_ae_stacked.jpg>
Package pdftex.def Info: figures/cf10_deep_ae_stacked.jpg  used on input line 98.
(pdftex.def)             Requested size: 242.5611pt x 136.58043pt.


Package fancyhdr Warning: \headheight is too small (12.0pt): 
(fancyhdr)                Make it at least 13.59999pt, for example:
(fancyhdr)                \setlength{\headheight}{13.59999pt}.
(fancyhdr)                You might also make \topmargin smaller:
(fancyhdr)                \addtolength{\topmargin}{-1.59999pt}.

[117 <./figures/cf10_ae_architecture.jpg>]
<figures/cf10_ae_compression_mnist.jpg, id=3011, 722.7pt x 406.9357pt>
File: figures/cf10_ae_compression_mnist.jpg Graphic file (type jpg)
<use figures/cf10_ae_compression_mnist.jpg>
Package pdftex.def Info: figures/cf10_ae_compression_mnist.jpg  used on input line 117.
(pdftex.def)             Requested size: 361.63776pt x 203.62878pt.


Package fancyhdr Warning: \headheight is too small (12.0pt): 
(fancyhdr)                Make it at least 13.59999pt, for example:
(fancyhdr)                \setlength{\headheight}{13.59999pt}.
(fancyhdr)                You might also make \topmargin smaller:
(fancyhdr)                \addtolength{\topmargin}{-1.59999pt}.

[118 <./figures/cf10_deep_ae_stacked.jpg> <./figures/cf10_ae_compression_mnist.jpg>]

Package natbib Warning: Citation `ronneberger2015unet' on page 119 undefined on input line 144.


Overfull \hbox (0.43254pt too wide) in paragraph at lines 150--153
[]\T1/cmr/m/n/12 Sequenze di bloc-chi con-vo-lu-zio-na-li se-gui-ti da max-
 []

<figures/cf10_unet_architecture.jpg, id=3018, 722.7pt x 406.9357pt>
File: figures/cf10_unet_architecture.jpg Graphic file (type jpg)
<use figures/cf10_unet_architecture.jpg>
Package pdftex.def Info: figures/cf10_unet_architecture.jpg  used on input line 163.
(pdftex.def)             Requested size: 361.63776pt x 203.62878pt.

Package fancyhdr Warning: \headheight is too small (12.0pt): 
(fancyhdr)                Make it at least 13.59999pt, for example:
(fancyhdr)                \setlength{\headheight}{13.59999pt}.
(fancyhdr)                You might also make \topmargin smaller:
(fancyhdr)                \addtolength{\topmargin}{-1.59999pt}.

[119 <./figures/cf10_unet_architecture.jpg>]
<figures/cf10_unet_skip_connections.jpg, id=3025, 722.7pt x 406.9357pt>
File: figures/cf10_unet_skip_connections.jpg Graphic file (type jpg)
<use figures/cf10_unet_skip_connections.jpg>
Package pdftex.def Info: figures/cf10_unet_skip_connections.jpg  used on input line 194.
(pdftex.def)             Requested size: 361.63776pt x 203.62878pt.


Package fancyhdr Warning: \headheight is too small (12.0pt): 
(fancyhdr)                Make it at least 13.59999pt, for example:
(fancyhdr)                \setlength{\headheight}{13.59999pt}.
(fancyhdr)                You might also make \topmargin smaller:
(fancyhdr)                \addtolength{\topmargin}{-1.59999pt}.

[120 <./figures/cf10_unet_skip_connections.jpg>]
<figures/cf10_ae_vs_vae_flow.jpg, id=3040, 722.7pt x 406.9357pt>
File: figures/cf10_ae_vs_vae_flow.jpg Graphic file (type jpg)
<use figures/cf10_ae_vs_vae_flow.jpg>
Package pdftex.def Info: figures/cf10_ae_vs_vae_flow.jpg  used on input line 257.
(pdftex.def)             Requested size: 361.63776pt x 203.62878pt.


Package natbib Warning: Citation `kingma2014vae' on page 121 undefined on input line 269.


Package fancyhdr Warning: \headheight is too small (12.0pt): 
(fancyhdr)                Make it at least 13.59999pt, for example:
(fancyhdr)                \setlength{\headheight}{13.59999pt}.
(fancyhdr)                You might also make \topmargin smaller:
(fancyhdr)                \addtolength{\topmargin}{-1.59999pt}.

[121 <./figures/cf10_ae_vs_vae_flow.jpg>]

Package fancyhdr Warning: \headheight is too small (12.0pt): 
(fancyhdr)                Make it at least 13.59999pt, for example:
(fancyhdr)                \setlength{\headheight}{13.59999pt}.
(fancyhdr)                You might also make \topmargin smaller:
(fancyhdr)                \addtolength{\topmargin}{-1.59999pt}.

[122]
<figures/cf10_vae_loss_diagram.jpg, id=3064, 722.7pt x 406.9357pt>
File: figures/cf10_vae_loss_diagram.jpg Graphic file (type jpg)
<use figures/cf10_vae_loss_diagram.jpg>
Package pdftex.def Info: figures/cf10_vae_loss_diagram.jpg  used on input line 385.
(pdftex.def)             Requested size: 361.63776pt x 203.62878pt.


Package fancyhdr Warning: \headheight is too small (12.0pt): 
(fancyhdr)                Make it at least 13.59999pt, for example:
(fancyhdr)                \setlength{\headheight}{13.59999pt}.
(fancyhdr)                You might also make \topmargin smaller:
(fancyhdr)                \addtolength{\topmargin}{-1.59999pt}.

[123 <./figures/cf10_vae_loss_diagram.jpg>]
<figures/cf10_vae_latent_space_intuition.jpg, id=3073, 722.7pt x 406.9357pt>
File: figures/cf10_vae_latent_space_intuition.jpg Graphic file (type jpg)
<use figures/cf10_vae_latent_space_intuition.jpg>
Package pdftex.def Info: figures/cf10_vae_latent_space_intuition.jpg  used on input line 416.
(pdftex.def)             Requested size: 361.63776pt x 203.62878pt.


Package natbib Warning: Citation `kingma2014vae' on page 124 undefined on input line 432.

<figures/cf10_vae_reparam_trick.jpg, id=3074, 722.7pt x 406.9357pt>
File: figures/cf10_vae_reparam_trick.jpg Graphic file (type jpg)
<use figures/cf10_vae_reparam_trick.jpg>
Package pdftex.def Info: figures/cf10_vae_reparam_trick.jpg  used on input line 450.
(pdftex.def)             Requested size: 361.63776pt x 203.62878pt.

Package fancyhdr Warning: \headheight is too small (12.0pt): 
(fancyhdr)                Make it at least 13.59999pt, for example:
(fancyhdr)                \setlength{\headheight}{13.59999pt}.
(fancyhdr)                You might also make \topmargin smaller:
(fancyhdr)                \addtolength{\topmargin}{-1.59999pt}.

[124 <./figures/cf10_vae_latent_space_intuition.jpg>]
<figures/cf10_vae_full_diagram.jpg, id=3081, 722.7pt x 406.9357pt>
File: figures/cf10_vae_full_diagram.jpg Graphic file (type jpg)
<use figures/cf10_vae_full_diagram.jpg>
Package pdftex.def Info: figures/cf10_vae_full_diagram.jpg  used on input line 468.
(pdftex.def)             Requested size: 388.09775pt x 218.53117pt.


Package fancyhdr Warning: \headheight is too small (12.0pt): 
(fancyhdr)                Make it at least 13.59999pt, for example:
(fancyhdr)                \setlength{\headheight}{13.59999pt}.
(fancyhdr)                You might also make \topmargin smaller:
(fancyhdr)                \addtolength{\topmargin}{-1.59999pt}.

[125 <./figures/cf10_vae_reparam_trick.jpg> <./figures/cf10_vae_full_diagram.jpg>]
Overfull \hbox (21.38535pt too wide) in paragraph at lines 534--550
 [][] 
 []


Package fancyhdr Warning: \headheight is too small (12.0pt): 
(fancyhdr)                Make it at least 13.59999pt, for example:
(fancyhdr)                \setlength{\headheight}{13.59999pt}.
(fancyhdr)                You might also make \topmargin smaller:
(fancyhdr)                \addtolength{\topmargin}{-1.59999pt}.

[126]) (./chapters/ch11_gans.tex

Package fancyhdr Warning: \headheight is too small (12.0pt): 
(fancyhdr)                Make it at least 13.59999pt, for example:
(fancyhdr)                \setlength{\headheight}{13.59999pt}.
(fancyhdr)                You might also make \topmargin smaller:
(fancyhdr)                \addtolength{\topmargin}{-1.59999pt}.

[127]
\bbl@ensure@italian {Capitolo} 12.
[128

]
<figures/cf11_gan_generative_model.jpg, id=3155, 722.7pt x 406.6392pt>
File: figures/cf11_gan_generative_model.jpg Graphic file (type jpg)
<use figures/cf11_gan_generative_model.jpg>
Package pdftex.def Info: figures/cf11_gan_generative_model.jpg  used on input line 81.
(pdftex.def)             Requested size: 361.63776pt x 203.48042pt.


Package fancyhdr Warning: \headheight is too small (12.0pt): 
(fancyhdr)                Make it at least 13.59999pt, for example:
(fancyhdr)                \setlength{\headheight}{13.59999pt}.
(fancyhdr)                You might also make \topmargin smaller:
(fancyhdr)                \addtolength{\topmargin}{-1.59999pt}.

[129 <./figures/cf11_gan_generative_model.jpg>]
<figures/cf11_gan_training_loop.jpg, id=3165, 722.7pt x 406.6392pt>
File: figures/cf11_gan_training_loop.jpg Graphic file (type jpg)
<use figures/cf11_gan_training_loop.jpg>
Package pdftex.def Info: figures/cf11_gan_training_loop.jpg  used on input line 109.
(pdftex.def)             Requested size: 361.63776pt x 203.48042pt.


Package fancyhdr Warning: \headheight is too small (12.0pt): 
(fancyhdr)                Make it at least 13.59999pt, for example:
(fancyhdr)                \setlength{\headheight}{13.59999pt}.
(fancyhdr)                You might also make \topmargin smaller:
(fancyhdr)                \addtolength{\topmargin}{-1.59999pt}.

[130 <./figures/cf11_gan_training_loop.jpg>]
<figures/cf11_gan_adversarial_arch.jpg, id=3176, 722.7pt x 406.6392pt>
File: figures/cf11_gan_adversarial_arch.jpg Graphic file (type jpg)
<use figures/cf11_gan_adversarial_arch.jpg>
Package pdftex.def Info: figures/cf11_gan_adversarial_arch.jpg  used on input line 179.
(pdftex.def)             Requested size: 418.96548pt x 235.73921pt.
<figures/cf11_gan_practical_arch.jpg, id=3177, 722.7pt x 406.6392pt>
File: figures/cf11_gan_practical_arch.jpg Graphic file (type jpg)
<use figures/cf11_gan_practical_arch.jpg>
Package pdftex.def Info: figures/cf11_gan_practical_arch.jpg  used on input line 195.
(pdftex.def)             Requested size: 264.61333pt x 148.89053pt.


Package fancyhdr Warning: \headheight is too small (12.0pt): 
(fancyhdr)                Make it at least 13.59999pt, for example:
(fancyhdr)                \setlength{\headheight}{13.59999pt}.
(fancyhdr)                You might also make \topmargin smaller:
(fancyhdr)                \addtolength{\topmargin}{-1.59999pt}.

[131 <./figures/cf11_gan_adversarial_arch.jpg>]

Package fancyhdr Warning: \headheight is too small (12.0pt): 
(fancyhdr)                Make it at least 13.59999pt, for example:
(fancyhdr)                \setlength{\headheight}{13.59999pt}.
(fancyhdr)                You might also make \topmargin smaller:
(fancyhdr)                \addtolength{\topmargin}{-1.59999pt}.

[132 <./figures/cf11_gan_practical_arch.jpg>]
<figures/cf11_gan_minimax.jpg, id=3193, 722.7pt x 406.6392pt>
File: figures/cf11_gan_minimax.jpg Graphic file (type jpg)
<use figures/cf11_gan_minimax.jpg>
Package pdftex.def Info: figures/cf11_gan_minimax.jpg  used on input line 277.
(pdftex.def)             Requested size: 361.63776pt x 203.48042pt.


Package fancyhdr Warning: \headheight is too small (12.0pt): 
(fancyhdr)                Make it at least 13.59999pt, for example:
(fancyhdr)                \setlength{\headheight}{13.59999pt}.
(fancyhdr)                You might also make \topmargin smaller:
(fancyhdr)                \addtolength{\topmargin}{-1.59999pt}.

[133 <./figures/cf11_gan_minimax.jpg>]
<figures/cf11_gan_discriminator_viz.jpg, id=3203, 722.7pt x 406.6392pt>
File: figures/cf11_gan_discriminator_viz.jpg Graphic file (type jpg)
<use figures/cf11_gan_discriminator_viz.jpg>
Package pdftex.def Info: figures/cf11_gan_discriminator_viz.jpg  used on input line 335.
(pdftex.def)             Requested size: 361.63776pt x 203.48042pt.


Package fancyhdr Warning: \headheight is too small (12.0pt): 
(fancyhdr)                Make it at least 13.59999pt, for example:
(fancyhdr)                \setlength{\headheight}{13.59999pt}.
(fancyhdr)                You might also make \topmargin smaller:
(fancyhdr)                \addtolength{\topmargin}{-1.59999pt}.

[134 <./figures/cf11_gan_discriminator_viz.jpg>]

Package fancyhdr Warning: \headheight is too small (12.0pt): 
(fancyhdr)                Make it at least 13.59999pt, for example:
(fancyhdr)                \setlength{\headheight}{13.59999pt}.
(fancyhdr)                You might also make \topmargin smaller:
(fancyhdr)                \addtolength{\topmargin}{-1.59999pt}.

[135]

Package fancyhdr Warning: \headheight is too small (12.0pt): 
(fancyhdr)                Make it at least 13.59999pt, for example:
(fancyhdr)                \setlength{\headheight}{13.59999pt}.
(fancyhdr)                You might also make \topmargin smaller:
(fancyhdr)                \addtolength{\topmargin}{-1.59999pt}.

[136]

Package fancyhdr Warning: \headheight is too small (12.0pt): 
(fancyhdr)                Make it at least 13.59999pt, for example:
(fancyhdr)                \setlength{\headheight}{13.59999pt}.
(fancyhdr)                You might also make \topmargin smaller:
(fancyhdr)                \addtolength{\topmargin}{-1.59999pt}.

[137]
Overfull \hbox (53.29073pt too wide) in paragraph at lines 546--569
 [][] 
 []

) (./chapters/ch12_transformers.tex

Package fancyhdr Warning: \headheight is too small (12.0pt): 
(fancyhdr)                Make it at least 13.59999pt, for example:
(fancyhdr)                \setlength{\headheight}{13.59999pt}.
(fancyhdr)                You might also make \topmargin smaller:
(fancyhdr)                \addtolength{\topmargin}{-1.59999pt}.

[138]
\bbl@ensure@italian {Capitolo} 13.
<figures/cf12_01_highlevel_enc_dec.jpg, id=3307, 722.7pt x 406.6392pt>
File: figures/cf12_01_highlevel_enc_dec.jpg Graphic file (type jpg)
<use figures/cf12_01_highlevel_enc_dec.jpg>
Package pdftex.def Info: figures/cf12_01_highlevel_enc_dec.jpg  used on input line 39.
(pdftex.def)             Requested size: 273.42883pt x 153.84818pt.
[139

]
<figures/cf12_02_encoder_sublayers.jpg, id=3313, 722.7pt x 406.6392pt>
File: figures/cf12_02_encoder_sublayers.jpg Graphic file (type jpg)
<use figures/cf12_02_encoder_sublayers.jpg>
Package pdftex.def Info: figures/cf12_02_encoder_sublayers.jpg  used on input line 65.
(pdftex.def)             Requested size: 264.61333pt x 148.89053pt.
<figures/cf12_03_enc_dec_compare.jpg, id=3314, 722.7pt x 406.6392pt>
File: figures/cf12_03_enc_dec_compare.jpg Graphic file (type jpg)
<use figures/cf12_03_enc_dec_compare.jpg>
Package pdftex.def Info: figures/cf12_03_enc_dec_compare.jpg  used on input line 83.
(pdftex.def)             Requested size: 361.63776pt x 203.48042pt.


Package fancyhdr Warning: \headheight is too small (12.0pt): 
(fancyhdr)                Make it at least 13.59999pt, for example:
(fancyhdr)                \setlength{\headheight}{13.59999pt}.
(fancyhdr)                You might also make \topmargin smaller:
(fancyhdr)                \addtolength{\topmargin}{-1.59999pt}.

[140 <./figures/cf12_01_highlevel_enc_dec.jpg> <./figures/cf12_02_encoder_sublayers.jpg>]
<figures/cf12_04_tensor_flow.jpg, id=3324, 722.7pt x 406.6392pt>
File: figures/cf12_04_tensor_flow.jpg Graphic file (type jpg)
<use figures/cf12_04_tensor_flow.jpg>
Package pdftex.def Info: figures/cf12_04_tensor_flow.jpg  used on input line 101.
(pdftex.def)             Requested size: 343.99329pt x 193.55273pt.


Package fancyhdr Warning: \headheight is too small (12.0pt): 
(fancyhdr)                Make it at least 13.59999pt, for example:
(fancyhdr)                \setlength{\headheight}{13.59999pt}.
(fancyhdr)                You might also make \topmargin smaller:
(fancyhdr)                \addtolength{\topmargin}{-1.59999pt}.

[141 <./figures/cf12_03_enc_dec_compare.jpg> <./figures/cf12_04_tensor_flow.jpg>]
<figures/cf12_05_self_attn_formula.jpg, id=3331, 722.7pt x 406.6392pt>
File: figures/cf12_05_self_attn_formula.jpg Graphic file (type jpg)
<use figures/cf12_05_self_attn_formula.jpg>
Package pdftex.def Info: figures/cf12_05_self_attn_formula.jpg  used on input line 168.
(pdftex.def)             Requested size: 273.42883pt x 153.84818pt.


Package fancyhdr Warning: \headheight is too small (12.0pt): 
(fancyhdr)                Make it at least 13.59999pt, for example:
(fancyhdr)                \setlength{\headheight}{13.59999pt}.
(fancyhdr)                You might also make \topmargin smaller:
(fancyhdr)                \addtolength{\topmargin}{-1.59999pt}.

[142 <./figures/cf12_05_self_attn_formula.jpg>]
<figures/cf12_06_multihead_separate_qkv.jpg, id=3343, 722.7pt x 406.6392pt>
File: figures/cf12_06_multihead_separate_qkv.jpg Graphic file (type jpg)
<use figures/cf12_06_multihead_separate_qkv.jpg>
Package pdftex.def Info: figures/cf12_06_multihead_separate_qkv.jpg  used on input line 203.
(pdftex.def)             Requested size: 361.63776pt x 203.48042pt.
<figures/cf12_07_multihead_full_pipeline.jpg, id=3344, 722.7pt x 406.6392pt>
File: figures/cf12_07_multihead_full_pipeline.jpg Graphic file (type jpg)
<use figures/cf12_07_multihead_full_pipeline.jpg>
Package pdftex.def Info: figures/cf12_07_multihead_full_pipeline.jpg  used on input line 213.
(pdftex.def)             Requested size: 418.96548pt x 235.73921pt.


Package fancyhdr Warning: \headheight is too small (12.0pt): 
(fancyhdr)                Make it at least 13.59999pt, for example:
(fancyhdr)                \setlength{\headheight}{13.59999pt}.
(fancyhdr)                You might also make \topmargin smaller:
(fancyhdr)                \addtolength{\topmargin}{-1.59999pt}.

[143 <./figures/cf12_06_multihead_separate_qkv.jpg>]
<figures/cf12_08_positional_encoding_example.jpg, id=3353, 722.7pt x 406.6392pt>
File: figures/cf12_08_positional_encoding_example.jpg Graphic file (type jpg)
<use figures/cf12_08_positional_encoding_example.jpg>
Package pdftex.def Info: figures/cf12_08_positional_encoding_example.jpg  used on input line 232.
(pdftex.def)             Requested size: 388.09775pt x 218.37196pt.


Package fancyhdr Warning: \headheight is too small (12.0pt): 
(fancyhdr)                Make it at least 13.59999pt, for example:
(fancyhdr)                \setlength{\headheight}{13.59999pt}.
(fancyhdr)                You might also make \topmargin smaller:
(fancyhdr)                \addtolength{\topmargin}{-1.59999pt}.

[144 <./figures/cf12_07_multihead_full_pipeline.jpg> <./figures/cf12_08_positional_encoding_example.jpg>]
<figures/cf12_09_pe_heatmap.jpg, id=3361, 722.7pt x 406.6392pt>
File: figures/cf12_09_pe_heatmap.jpg Graphic file (type jpg)
<use figures/cf12_09_pe_heatmap.jpg>
Package pdftex.def Info: figures/cf12_09_pe_heatmap.jpg  used on input line 255.
(pdftex.def)             Requested size: 317.5333pt x 178.6674pt.
<figures/cf12_10_residuals_layernorm.jpg, id=3362, 722.7pt x 406.6392pt>
File: figures/cf12_10_residuals_layernorm.jpg Graphic file (type jpg)
<use figures/cf12_10_residuals_layernorm.jpg>
Package pdftex.def Info: figures/cf12_10_residuals_layernorm.jpg  used on input line 284.
(pdftex.def)             Requested size: 273.42883pt x 153.84818pt.


Package fancyhdr Warning: \headheight is too small (12.0pt): 
(fancyhdr)                Make it at least 13.59999pt, for example:
(fancyhdr)                \setlength{\headheight}{13.59999pt}.
(fancyhdr)                You might also make \topmargin smaller:
(fancyhdr)                \addtolength{\topmargin}{-1.59999pt}.

[145 <./figures/cf12_09_pe_heatmap.jpg>]
<figures/cf12_11_decoder_side.jpg, id=3371, 722.7pt x 406.6392pt>
File: figures/cf12_11_decoder_side.jpg Graphic file (type jpg)
<use figures/cf12_11_decoder_side.jpg>
Package pdftex.def Info: figures/cf12_11_decoder_side.jpg  used on input line 307.
(pdftex.def)             Requested size: 361.63776pt x 203.48042pt.


Package fancyhdr Warning: \headheight is too small (12.0pt): 
(fancyhdr)                Make it at least 13.59999pt, for example:
(fancyhdr)                \setlength{\headheight}{13.59999pt}.
(fancyhdr)                You might also make \topmargin smaller:
(fancyhdr)                \addtolength{\topmargin}{-1.59999pt}.

[146 <./figures/cf12_10_residuals_layernorm.jpg> <./figures/cf12_11_decoder_side.jpg>]
<figures/cf12_12_linear_softmax.jpg, id=3378, 722.7pt x 406.6392pt>
File: figures/cf12_12_linear_softmax.jpg Graphic file (type jpg)
<use figures/cf12_12_linear_softmax.jpg>
Package pdftex.def Info: figures/cf12_12_linear_softmax.jpg  used on input line 339.
(pdftex.def)             Requested size: 246.96884pt x 138.96284pt.


Package fancyhdr Warning: \headheight is too small (12.0pt): 
(fancyhdr)                Make it at least 13.59999pt, for example:
(fancyhdr)                \setlength{\headheight}{13.59999pt}.
(fancyhdr)                You might also make \topmargin smaller:
(fancyhdr)                \addtolength{\topmargin}{-1.59999pt}.

[147 <./figures/cf12_12_linear_softmax.jpg>]
<figures/cf12_13_bert_inputs.jpg, id=3388, 722.7pt x 406.6392pt>
File: figures/cf12_13_bert_inputs.jpg Graphic file (type jpg)
<use figures/cf12_13_bert_inputs.jpg>
Package pdftex.def Info: figures/cf12_13_bert_inputs.jpg  used on input line 389.
(pdftex.def)             Requested size: 308.71106pt x 173.70355pt.
<figures/cf12_14_bert_outputs.jpg, id=3389, 722.7pt x 406.6392pt>
File: figures/cf12_14_bert_outputs.jpg Graphic file (type jpg)
<use figures/cf12_14_bert_outputs.jpg>
Package pdftex.def Info: figures/cf12_14_bert_outputs.jpg  used on input line 398.
(pdftex.def)             Requested size: 308.71106pt x 173.70355pt.


Package fancyhdr Warning: \headheight is too small (12.0pt): 
(fancyhdr)                Make it at least 13.59999pt, for example:
(fancyhdr)                \setlength{\headheight}{13.59999pt}.
(fancyhdr)                You might also make \topmargin smaller:
(fancyhdr)                \addtolength{\topmargin}{-1.59999pt}.

[148 <./figures/cf12_13_bert_inputs.jpg> <./figures/cf12_14_bert_outputs.jpg>]
<figures/cf12_16_masked_attn_triangle.jpg, id=3396, 722.7pt x 406.6392pt>
File: figures/cf12_16_masked_attn_triangle.jpg Graphic file (type jpg)
<use figures/cf12_16_masked_attn_triangle.jpg>
Package pdftex.def Info: figures/cf12_16_masked_attn_triangle.jpg  used on input line 449.
(pdftex.def)             Requested size: 388.09775pt x 218.37196pt.
<figures/cf12_17_masked_attn_softmax.jpg, id=3397, 722.7pt x 406.6392pt>
File: figures/cf12_17_masked_attn_softmax.jpg Graphic file (type jpg)
<use figures/cf12_17_masked_attn_softmax.jpg>
Package pdftex.def Info: figures/cf12_17_masked_attn_softmax.jpg  used on input line 459.
(pdftex.def)             Requested size: 388.09775pt x 218.37196pt.


Package fancyhdr Warning: \headheight is too small (12.0pt): 
(fancyhdr)                Make it at least 13.59999pt, for example:
(fancyhdr)                \setlength{\headheight}{13.59999pt}.
(fancyhdr)                You might also make \topmargin smaller:
(fancyhdr)                \addtolength{\topmargin}{-1.59999pt}.

[149 <./figures/cf12_16_masked_attn_triangle.jpg>]
<figures/cf12_15_decoder_masked_recap.jpg, id=3403, 722.7pt x 406.6392pt>
File: figures/cf12_15_decoder_masked_recap.jpg Graphic file (type jpg)
<use figures/cf12_15_decoder_masked_recap.jpg>
Package pdftex.def Info: figures/cf12_15_decoder_masked_recap.jpg  used on input line 471.
(pdftex.def)             Requested size: 361.63776pt x 203.48042pt.


Package fancyhdr Warning: \headheight is too small (12.0pt): 
(fancyhdr)                Make it at least 13.59999pt, for example:
(fancyhdr)                \setlength{\headheight}{13.59999pt}.
(fancyhdr)                You might also make \topmargin smaller:
(fancyhdr)                \addtolength{\topmargin}{-1.59999pt}.

[150 <./figures/cf12_17_masked_attn_softmax.jpg> <./figures/cf12_15_decoder_masked_recap.jpg>]
<figures/cf12_18_gpt_head_split.jpg, id=3411, 722.7pt x 406.6392pt>
File: figures/cf12_18_gpt_head_split.jpg Graphic file (type jpg)
<use figures/cf12_18_gpt_head_split.jpg>
Package pdftex.def Info: figures/cf12_18_gpt_head_split.jpg  used on input line 501.
(pdftex.def)             Requested size: 374.86775pt x 210.9262pt.
<figures/cf12_19_gpt_projection.jpg, id=3412, 722.7pt x 406.6392pt>
File: figures/cf12_19_gpt_projection.jpg Graphic file (type jpg)
<use figures/cf12_19_gpt_projection.jpg>
Package pdftex.def Info: figures/cf12_19_gpt_projection.jpg  used on input line 523.
(pdftex.def)             Requested size: 308.71106pt x 173.70355pt.


Package fancyhdr Warning: \headheight is too small (12.0pt): 
(fancyhdr)                Make it at least 13.59999pt, for example:
(fancyhdr)                \setlength{\headheight}{13.59999pt}.
(fancyhdr)                You might also make \topmargin smaller:
(fancyhdr)                \addtolength{\topmargin}{-1.59999pt}.

[151 <./figures/cf12_18_gpt_head_split.jpg>]
<figures/cf12_20_gpt2_weight_matrices.jpg, id=3418, 722.7pt x 406.6392pt>
File: figures/cf12_20_gpt2_weight_matrices.jpg Graphic file (type jpg)
<use figures/cf12_20_gpt2_weight_matrices.jpg>
Package pdftex.def Info: figures/cf12_20_gpt2_weight_matrices.jpg  used on input line 536.
(pdftex.def)             Requested size: 388.09775pt x 218.37196pt.


Package fancyhdr Warning: \headheight is too small (12.0pt): 
(fancyhdr)                Make it at least 13.59999pt, for example:
(fancyhdr)                \setlength{\headheight}{13.59999pt}.
(fancyhdr)                You might also make \topmargin smaller:
(fancyhdr)                \addtolength{\topmargin}{-1.59999pt}.

[152 <./figures/cf12_19_gpt_projection.jpg> <./figures/cf12_20_gpt2_weight_matrices.jpg>]) (./chapters/ch13_diffusion.tex

Package fancyhdr Warning: \headheight is too small (12.0pt): 
(fancyhdr)                Make it at least 13.59999pt, for example:
(fancyhdr)                \setlength{\headheight}{13.59999pt}.
(fancyhdr)                You might also make \topmargin smaller:
(fancyhdr)                \addtolength{\topmargin}{-1.59999pt}.

[153]
\bbl@ensure@italian {Capitolo} 14.
<figures/cf13_sd_full_pipeline.png, id=3435, 1806.75pt x 813.0375pt>
File: figures/cf13_sd_full_pipeline.png Graphic file (type png)
<use figures/cf13_sd_full_pipeline.png>
Package pdftex.def Info: figures/cf13_sd_full_pipeline.png  used on input line 56.
(pdftex.def)             Requested size: 405.7355pt x 182.57817pt.
[154

]

Package fancyhdr Warning: \headheight is too small (12.0pt): 
(fancyhdr)                Make it at least 13.59999pt, for example:
(fancyhdr)                \setlength{\headheight}{13.59999pt}.
(fancyhdr)                You might also make \topmargin smaller:
(fancyhdr)                \addtolength{\topmargin}{-1.59999pt}.

[155 <./figures/cf13_sd_full_pipeline.png (PNG copy)>]
<figures/cf13_reverse_diffusion_steps.png, id=3453, 1806.75pt x 813.0375pt>
File: figures/cf13_reverse_diffusion_steps.png Graphic file (type png)
<use figures/cf13_reverse_diffusion_steps.png>
Package pdftex.def Info: figures/cf13_reverse_diffusion_steps.png  used on input line 147.
(pdftex.def)             Requested size: 396.91325pt x 178.60828pt.


Package fancyhdr Warning: \headheight is too small (12.0pt): 
(fancyhdr)                Make it at least 13.59999pt, for example:
(fancyhdr)                \setlength{\headheight}{13.59999pt}.
(fancyhdr)                You might also make \topmargin smaller:
(fancyhdr)                \addtolength{\topmargin}{-1.59999pt}.

[156]

Package fancyhdr Warning: \headheight is too small (12.0pt): 
(fancyhdr)                Make it at least 13.59999pt, for example:
(fancyhdr)                \setlength{\headheight}{13.59999pt}.
(fancyhdr)                You might also make \topmargin smaller:
(fancyhdr)                \addtolength{\topmargin}{-1.59999pt}.

[157 <./figures/cf13_reverse_diffusion_steps.png (PNG copy)>]
<figures/cf13_vae.png, id=3474, 1806.75pt x 813.0375pt>
File: figures/cf13_vae.png Graphic file (type png)
<use figures/cf13_vae.png>
Package pdftex.def Info: figures/cf13_vae.png  used on input line 217.
(pdftex.def)             Requested size: 388.09775pt x 174.63838pt.


Package fancyhdr Warning: \headheight is too small (12.0pt): 
(fancyhdr)                Make it at least 13.59999pt, for example:
(fancyhdr)                \setlength{\headheight}{13.59999pt}.
(fancyhdr)                You might also make \topmargin smaller:
(fancyhdr)                \addtolength{\topmargin}{-1.59999pt}.

[158 <./figures/cf13_vae.png (PNG copy)>]

Package fancyhdr Warning: \headheight is too small (12.0pt): 
(fancyhdr)                Make it at least 13.59999pt, for example:
(fancyhdr)                \setlength{\headheight}{13.59999pt}.
(fancyhdr)                You might also make \topmargin smaller:
(fancyhdr)                \addtolength{\topmargin}{-1.59999pt}.

[159]
<figures/cf13_unet_with_attention.png, id=3495, 1806.75pt x 813.0375pt>
File: figures/cf13_unet_with_attention.png Graphic file (type png)
<use figures/cf13_unet_with_attention.png>
Package pdftex.def Info: figures/cf13_unet_with_attention.png  used on input line 355.
(pdftex.def)             Requested size: 388.09775pt x 174.63838pt.


Package fancyhdr Warning: \headheight is too small (12.0pt): 
(fancyhdr)                Make it at least 13.59999pt, for example:
(fancyhdr)                \setlength{\headheight}{13.59999pt}.
(fancyhdr)                You might also make \topmargin smaller:
(fancyhdr)                \addtolength{\topmargin}{-1.59999pt}.

[160]
<figures/cf13_ldm_architecture.png, id=3503, 1806.75pt x 813.0375pt>
File: figures/cf13_ldm_architecture.png Graphic file (type png)
<use figures/cf13_ldm_architecture.png>
Package pdftex.def Info: figures/cf13_ldm_architecture.png  used on input line 367.
(pdftex.def)             Requested size: 405.7355pt x 182.57817pt.


Package fancyhdr Warning: \headheight is too small (12.0pt): 
(fancyhdr)                Make it at least 13.59999pt, for example:
(fancyhdr)                \setlength{\headheight}{13.59999pt}.
(fancyhdr)                You might also make \topmargin smaller:
(fancyhdr)                \addtolength{\topmargin}{-1.59999pt}.

[161 <./figures/cf13_unet_with_attention.png (PNG copy)> <./figures/cf13_ldm_architecture.png (PNG copy)>]

Package fancyhdr Warning: \headheight is too small (12.0pt): 
(fancyhdr)                Make it at least 13.59999pt, for example:
(fancyhdr)                \setlength{\headheight}{13.59999pt}.
(fancyhdr)                You might also make \topmargin smaller:
(fancyhdr)                \addtolength{\topmargin}{-1.59999pt}.

[162]

Package fancyhdr Warning: \headheight is too small (12.0pt): 
(fancyhdr)                Make it at least 13.59999pt, for example:
(fancyhdr)                \setlength{\headheight}{13.59999pt}.
(fancyhdr)                You might also make \topmargin smaller:
(fancyhdr)                \addtolength{\topmargin}{-1.59999pt}.

[163]
Overfull \hbox (109.58057pt too wide) in paragraph at lines 571--603
 [][] 
 []


Package fancyhdr Warning: \headheight is too small (12.0pt): 
(fancyhdr)                Make it at least 13.59999pt, for example:
(fancyhdr)                \setlength{\headheight}{13.59999pt}.
(fancyhdr)                You might also make \topmargin smaller:
(fancyhdr)                \addtolength{\topmargin}{-1.59999pt}.

[164]
Overfull \hbox (6.00908pt too wide) in paragraph at lines 607--610
[]\T1/cmr/m/n/12 Il pa-ra-me-tro \T1/cmr/bx/n/12 steps \T1/cmr/m/n/12 (nu-me-ro di pas-si UNet) è il prin-ci-pa-le trade-off qua-li-tà/velocità:
 []

) (./chapters/ch14_gnn_gcn.tex

Package fancyhdr Warning: \headheight is too small (12.0pt): 
(fancyhdr)                Make it at least 13.59999pt, for example:
(fancyhdr)                \setlength{\headheight}{13.59999pt}.
(fancyhdr)                You might also make \topmargin smaller:
(fancyhdr)                \addtolength{\topmargin}{-1.59999pt}.

[165]
\bbl@ensure@italian {Capitolo} 15.
<figures/cf14_graph_attributes.png, id=3547, 1806.75pt x 813.0375pt>
File: figures/cf14_graph_attributes.png Graphic file (type png)
<use figures/cf14_graph_attributes.png>
Package pdftex.def Info: figures/cf14_graph_attributes.png  used on input line 42.
(pdftex.def)             Requested size: 361.63776pt x 162.72867pt.
[166

]
<figures/cf14_images_as_graphs.png, id=3552, 1806.75pt x 813.0375pt>
File: figures/cf14_images_as_graphs.png Graphic file (type png)
<use figures/cf14_images_as_graphs.png>
Package pdftex.def Info: figures/cf14_images_as_graphs.png  used on input line 75.
(pdftex.def)             Requested size: 405.7355pt x 182.57817pt.


Package fancyhdr Warning: \headheight is too small (12.0pt): 
(fancyhdr)                Make it at least 13.59999pt, for example:
(fancyhdr)                \setlength{\headheight}{13.59999pt}.
(fancyhdr)                You might also make \topmargin smaller:
(fancyhdr)                \addtolength{\topmargin}{-1.59999pt}.

[167 <./figures/cf14_graph_attributes.png (PNG copy)>]
<figures/cf14_graph_datasets.png, id=3558, 1806.75pt x 813.0375pt>
File: figures/cf14_graph_datasets.png Graphic file (type png)
<use figures/cf14_graph_datasets.png>
Package pdftex.def Info: figures/cf14_graph_datasets.png  used on input line 112.
(pdftex.def)             Requested size: 361.63776pt x 162.72867pt.


Package fancyhdr Warning: \headheight is too small (12.0pt): 
(fancyhdr)                Make it at least 13.59999pt, for example:
(fancyhdr)                \setlength{\headheight}{13.59999pt}.
(fancyhdr)                You might also make \topmargin smaller:
(fancyhdr)                \addtolength{\topmargin}{-1.59999pt}.

[168 <./figures/cf14_images_as_graphs.png (PNG copy)>]

Package fancyhdr Warning: \headheight is too small (12.0pt): 
(fancyhdr)                Make it at least 13.59999pt, for example:
(fancyhdr)                \setlength{\headheight}{13.59999pt}.
(fancyhdr)                You might also make \topmargin smaller:
(fancyhdr)                \addtolength{\topmargin}{-1.59999pt}.

[169 <./figures/cf14_graph_datasets.png (PNG copy)>]
<figures/cf14_graph_representation.png, id=3570, 1806.75pt x 813.0375pt>
File: figures/cf14_graph_representation.png Graphic file (type png)
<use figures/cf14_graph_representation.png>
Package pdftex.def Info: figures/cf14_graph_representation.png  used on input line 165.
(pdftex.def)             Requested size: 388.09775pt x 174.63838pt.
<figures/cf14_simplest_gnn.png, id=3571, 1806.75pt x 813.0375pt>
File: figures/cf14_simplest_gnn.png Graphic file (type png)
<use figures/cf14_simplest_gnn.png>
Package pdftex.def Info: figures/cf14_simplest_gnn.png  used on input line 208.
(pdftex.def)             Requested size: 388.09775pt x 174.63838pt.


Package fancyhdr Warning: \headheight is too small (12.0pt): 
(fancyhdr)                Make it at least 13.59999pt, for example:
(fancyhdr)                \setlength{\headheight}{13.59999pt}.
(fancyhdr)                You might also make \topmargin smaller:
(fancyhdr)                \addtolength{\topmargin}{-1.59999pt}.

[170 <./figures/cf14_graph_representation.png (PNG copy)>]
<figures/cf14_message_passing.png, id=3577, 1806.75pt x 813.0375pt>
File: figures/cf14_message_passing.png Graphic file (type png)
<use figures/cf14_message_passing.png>
Package pdftex.def Info: figures/cf14_message_passing.png  used on input line 255.
(pdftex.def)             Requested size: 405.7355pt x 182.57817pt.


Package fancyhdr Warning: \headheight is too small (12.0pt): 
(fancyhdr)                Make it at least 13.59999pt, for example:
(fancyhdr)                \setlength{\headheight}{13.59999pt}.
(fancyhdr)                You might also make \topmargin smaller:
(fancyhdr)                \addtolength{\topmargin}{-1.59999pt}.

[171 <./figures/cf14_simplest_gnn.png (PNG copy)>]
<figures/cf14_global_representations.png, id=3588, 1806.75pt x 813.0375pt>
File: figures/cf14_global_representations.png Graphic file (type png)
<use figures/cf14_global_representations.png>
Package pdftex.def Info: figures/cf14_global_representations.png  used on input line 290.
(pdftex.def)             Requested size: 405.7355pt x 182.57817pt.


Package fancyhdr Warning: \headheight is too small (12.0pt): 
(fancyhdr)                Make it at least 13.59999pt, for example:
(fancyhdr)                \setlength{\headheight}{13.59999pt}.
(fancyhdr)                You might also make \topmargin smaller:
(fancyhdr)                \addtolength{\topmargin}{-1.59999pt}.

[172 <./figures/cf14_message_passing.png (PNG copy)>]
<figures/cf14_conditioning_functions.png, id=3594, 1806.75pt x 813.0375pt>
File: figures/cf14_conditioning_functions.png Graphic file (type png)
<use figures/cf14_conditioning_functions.png>
Package pdftex.def Info: figures/cf14_conditioning_functions.png  used on input line 309.
(pdftex.def)             Requested size: 388.09775pt x 174.63838pt.


Package fancyhdr Warning: \headheight is too small (12.0pt): 
(fancyhdr)                Make it at least 13.59999pt, for example:
(fancyhdr)                \setlength{\headheight}{13.59999pt}.
(fancyhdr)                You might also make \topmargin smaller:
(fancyhdr)                \addtolength{\topmargin}{-1.59999pt}.

[173 <./figures/cf14_global_representations.png (PNG copy)> <./figures/cf14_conditioning_functions.png (PNG copy)>]
<figures/cf14_graph_laplacian.png, id=3601, 1806.75pt x 813.0375pt>
File: figures/cf14_graph_laplacian.png Graphic file (type png)
<use figures/cf14_graph_laplacian.png>
Package pdftex.def Info: figures/cf14_graph_laplacian.png  used on input line 378.
(pdftex.def)             Requested size: 388.09775pt x 174.63838pt.


Package fancyhdr Warning: \headheight is too small (12.0pt): 
(fancyhdr)                Make it at least 13.59999pt, for example:
(fancyhdr)                \setlength{\headheight}{13.59999pt}.
(fancyhdr)                You might also make \topmargin smaller:
(fancyhdr)                \addtolength{\topmargin}{-1.59999pt}.

[174]

Package fancyhdr Warning: \headheight is too small (12.0pt): 
(fancyhdr)                Make it at least 13.59999pt, for example:
(fancyhdr)                \setlength{\headheight}{13.59999pt}.
(fancyhdr)                You might also make \topmargin smaller:
(fancyhdr)                \addtolength{\topmargin}{-1.59999pt}.

[175 <./figures/cf14_graph_laplacian.png (PNG copy)>]
<figures/cf14_gcn_equation.png, id=3622, 1806.75pt x 813.0375pt>
File: figures/cf14_gcn_equation.png Graphic file (type png)
<use figures/cf14_gcn_equation.png>
Package pdftex.def Info: figures/cf14_gcn_equation.png  used on input line 471.
(pdftex.def)             Requested size: 388.09775pt x 174.63838pt.


Package fancyhdr Warning: \headheight is too small (12.0pt): 
(fancyhdr)                Make it at least 13.59999pt, for example:
(fancyhdr)                \setlength{\headheight}{13.59999pt}.
(fancyhdr)                You might also make \topmargin smaller:
(fancyhdr)                \addtolength{\topmargin}{-1.59999pt}.

[176 <./figures/cf14_gcn_equation.png (PNG copy)>]
<figures/cf14_gat_equation.png, id=3634, 1806.75pt x 813.0375pt>
File: figures/cf14_gat_equation.png Graphic file (type png)
<use figures/cf14_gat_equation.png>
Package pdftex.def Info: figures/cf14_gat_equation.png  used on input line 525.
(pdftex.def)             Requested size: 388.09775pt x 174.63838pt.


Package fancyhdr Warning: \headheight is too small (12.0pt): 
(fancyhdr)                Make it at least 13.59999pt, for example:
(fancyhdr)                \setlength{\headheight}{13.59999pt}.
(fancyhdr)                You might also make \topmargin smaller:
(fancyhdr)                \addtolength{\topmargin}{-1.59999pt}.

[177 <./figures/cf14_gat_equation.png (PNG copy)>]
Overfull \hbox (48.08601pt too wide) in paragraph at lines 606--638
 [][] 
 []


Package fancyhdr Warning: \headheight is too small (12.0pt): 
(fancyhdr)                Make it at least 13.59999pt, for example:
(fancyhdr)                \setlength{\headheight}{13.59999pt}.
(fancyhdr)                You might also make \topmargin smaller:
(fancyhdr)                \addtolength{\topmargin}{-1.59999pt}.

[178]) (./chapters/ch15_ebm.tex

Package fancyhdr Warning: \headheight is too small (12.0pt): 
(fancyhdr)                Make it at least 13.59999pt, for example:
(fancyhdr)                \setlength{\headheight}{13.59999pt}.
(fancyhdr)                You might also make \topmargin smaller:
(fancyhdr)                \addtolength{\topmargin}{-1.59999pt}.

[179]
\bbl@ensure@italian {Capitolo} 16.

Package natbib Warning: Citation `lecun2006tutorial' on page 180 undefined on input line 18.

<figures/cf15_energy_loss_example.jpg, id=3666, 722.7pt x 406.6392pt>
File: figures/cf15_energy_loss_example.jpg Graphic file (type jpg)
<use figures/cf15_energy_loss_example.jpg>
Package pdftex.def Info: figures/cf15_energy_loss_example.jpg  used on input line 48.
(pdftex.def)             Requested size: 374.86775pt x 210.9262pt.
[180

]
<figures/cf15_ebm_inference.jpg, id=3673, 722.7pt x 406.6392pt>
File: figures/cf15_ebm_inference.jpg Graphic file (type jpg)
<use figures/cf15_ebm_inference.jpg>
Package pdftex.def Info: figures/cf15_ebm_inference.jpg  used on input line 76.
(pdftex.def)             Requested size: 374.86775pt x 210.9262pt.


Package fancyhdr Warning: \headheight is too small (12.0pt): 
(fancyhdr)                Make it at least 13.59999pt, for example:
(fancyhdr)                \setlength{\headheight}{13.59999pt}.
(fancyhdr)                You might also make \topmargin smaller:
(fancyhdr)                \addtolength{\topmargin}{-1.59999pt}.

[181 <./figures/cf15_energy_loss_example.jpg>]
<figures/cf15_energy_surface_training.jpg, id=3679, 722.7pt x 406.6392pt>
File: figures/cf15_energy_surface_training.jpg Graphic file (type jpg)
<use figures/cf15_energy_surface_training.jpg>
Package pdftex.def Info: figures/cf15_energy_surface_training.jpg  used on input line 99.
(pdftex.def)             Requested size: 388.09775pt x 218.37196pt.


Package fancyhdr Warning: \headheight is too small (12.0pt): 
(fancyhdr)                Make it at least 13.59999pt, for example:
(fancyhdr)                \setlength{\headheight}{13.59999pt}.
(fancyhdr)                You might also make \topmargin smaller:
(fancyhdr)                \addtolength{\topmargin}{-1.59999pt}.

[182 <./figures/cf15_ebm_inference.jpg>]

Package natbib Warning: Citation `taigman2014deepface' on page 183 undefined on input line 138.


Package fancyhdr Warning: \headheight is too small (12.0pt): 
(fancyhdr)                Make it at least 13.59999pt, for example:
(fancyhdr)                \setlength{\headheight}{13.59999pt}.
(fancyhdr)                You might also make \topmargin smaller:
(fancyhdr)                \addtolength{\topmargin}{-1.59999pt}.

[183 <./figures/cf15_energy_surface_training.jpg>]

Package natbib Warning: Citation `li2020rethinking' on page 184 undefined on input line 185.


Package natbib Warning: Citation `kingma2013vae' on page 184 undefined on input line 195.

<figures/cf15_training_ebm.jpg, id=3691, 722.7pt x 406.6392pt>
File: figures/cf15_training_ebm.jpg Graphic file (type jpg)
<use figures/cf15_training_ebm.jpg>
Package pdftex.def Info: figures/cf15_training_ebm.jpg  used on input line 216.
(pdftex.def)             Requested size: 330.76329pt x 186.10696pt.

Package fancyhdr Warning: \headheight is too small (12.0pt): 
(fancyhdr)                Make it at least 13.59999pt, for example:
(fancyhdr)                \setlength{\headheight}{13.59999pt}.
(fancyhdr)                You might also make \topmargin smaller:
(fancyhdr)                \addtolength{\topmargin}{-1.59999pt}.

[184]
<figures/cf15_contrastive_push_down.jpg, id=3699, 722.7pt x 406.6392pt>
File: figures/cf15_contrastive_push_down.jpg Graphic file (type jpg)
<use figures/cf15_contrastive_push_down.jpg>
Package pdftex.def Info: figures/cf15_contrastive_push_down.jpg  used on input line 235.
(pdftex.def)             Requested size: 352.81552pt x 198.51659pt.


Package fancyhdr Warning: \headheight is too small (12.0pt): 
(fancyhdr)                Make it at least 13.59999pt, for example:
(fancyhdr)                \setlength{\headheight}{13.59999pt}.
(fancyhdr)                You might also make \topmargin smaller:
(fancyhdr)                \addtolength{\topmargin}{-1.59999pt}.

[185 <./figures/cf15_training_ebm.jpg> <./figures/cf15_contrastive_push_down.jpg>]
<figures/cf15_contrastive_methods.jpg, id=3706, 722.7pt x 406.6392pt>
File: figures/cf15_contrastive_methods.jpg Graphic file (type jpg)
<use figures/cf15_contrastive_methods.jpg>
Package pdftex.def Info: figures/cf15_contrastive_methods.jpg  used on input line 282.
(pdftex.def)             Requested size: 374.86775pt x 210.9262pt.


Package natbib Warning: Citation `du2019implicit' on page 186 undefined on input line 294.


Package fancyhdr Warning: \headheight is too small (12.0pt): 
(fancyhdr)                Make it at least 13.59999pt, for example:
(fancyhdr)                \setlength{\headheight}{13.59999pt}.
(fancyhdr)                You might also make \topmargin smaller:
(fancyhdr)                \addtolength{\topmargin}{-1.59999pt}.

[186 <./figures/cf15_contrastive_methods.jpg>]
Overfull \hbox (4.31091pt too wide) in paragraph at lines 329--335
\T1/cmr/m/n/12 I \T1/cmr/bx/n/12 me-to-di re-go-la-riz-za-ti \T1/cmr/m/n/12 non ri-chie-do-no cam-pio-ni ne-ga-ti-vi espli-ci-ti: co-strui-sco-no $\OML/cmm/m/it/12 F\OT1/cmr/m/n/12 (\OT1/cmr/bx/n/12 x\OML/cmm/m/it/12 ; \OT1/cmr/bx/n/12 y\OT1/cmr/m/n/12 )$
 []

<figures/cf15_loss_functions_table.jpg, id=3719, 722.7pt x 406.6392pt>
File: figures/cf15_loss_functions_table.jpg Graphic file (type jpg)
<use figures/cf15_loss_functions_table.jpg>
Package pdftex.def Info: figures/cf15_loss_functions_table.jpg  used on input line 347.
(pdftex.def)             Requested size: 396.91325pt x 223.3296pt.

Package fancyhdr Warning: \headheight is too small (12.0pt): 
(fancyhdr)                Make it at least 13.59999pt, for example:
(fancyhdr)                \setlength{\headheight}{13.59999pt}.
(fancyhdr)                You might also make \topmargin smaller:
(fancyhdr)                \addtolength{\topmargin}{-1.59999pt}.

[187]

Package fancyhdr Warning: \headheight is too small (12.0pt): 
(fancyhdr)                Make it at least 13.59999pt, for example:
(fancyhdr)                \setlength{\headheight}{13.59999pt}.
(fancyhdr)                You might also make \topmargin smaller:
(fancyhdr)                \addtolength{\topmargin}{-1.59999pt}.

[188 <./figures/cf15_loss_functions_table.jpg>]
<figures/cf15_contrastive_joint_embedding.jpg, id=3741, 722.7pt x 406.6392pt>
File: figures/cf15_contrastive_joint_embedding.jpg Graphic file (type jpg)
<use figures/cf15_contrastive_joint_embedding.jpg>
Package pdftex.def Info: figures/cf15_contrastive_joint_embedding.jpg  used on input line 402.
(pdftex.def)             Requested size: 374.86775pt x 210.9262pt.


Package natbib Warning: Citation `grill2020byol' on page 189 undefined on input line 423.


Package natbib Warning: Citation `chen2021simsiam' on page 189 undefined on input line 425.


Package fancyhdr Warning: \headheight is too small (12.0pt): 
(fancyhdr)                Make it at least 13.59999pt, for example:
(fancyhdr)                \setlength{\headheight}{13.59999pt}.
(fancyhdr)                You might also make \topmargin smaller:
(fancyhdr)                \addtolength{\topmargin}{-1.59999pt}.

[189 <./figures/cf15_contrastive_joint_embedding.jpg>]

Package natbib Warning: Citation `baevski2020wav2vec' on page 190 undefined on input line 466.


Overfull \hbox (21.00345pt too wide) in paragraph at lines 504--516
 [][] 
 []


Package fancyhdr Warning: \headheight is too small (12.0pt): 
(fancyhdr)                Make it at least 13.59999pt, for example:
(fancyhdr)                \setlength{\headheight}{13.59999pt}.
(fancyhdr)                You might also make \topmargin smaller:
(fancyhdr)                \addtolength{\topmargin}{-1.59999pt}.

[190]) (./main.bbl

Package fancyhdr Warning: \headheight is too small (12.0pt): 
(fancyhdr)                Make it at least 13.59999pt, for example:
(fancyhdr)                \setlength{\headheight}{13.59999pt}.
(fancyhdr)                You might also make \topmargin smaller:
(fancyhdr)                \addtolength{\topmargin}{-1.59999pt}.

[191])

Package natbib Warning: There were undefined citations.

[192

] (./main.aux)
 ***********
LaTeX2e <2025-11-01>
L3 programming layer <2026-01-19>
 ***********


LaTeX Warning: There were multiply-defined labels.

Package rerunfilecheck Info: File `main.out' has not changed.
(rerunfilecheck)             Checksum: 55FA40FE6AF05E481E507CD96EE7E3E0;75550.
 ) 
Here is how much of TeX's memory you used:
 33035 strings out of 467525
 648180 string characters out of 5408440
 1547049 words of memory out of 5000000
 60102 multiletter control sequences out of 15000+600000
 659956 words of font info for 123 fonts, out of 8000000 for 9000
 1141 hyphenation exceptions out of 8191
 98i,21n,108p,692b,2228s stack positions out of 10000i,1000n,20000p,200000b,200000s
</opt/homebrew/Cellar/texlive/20260301/share/texmf-dist/fonts/type1/public/amsfonts/cm/cmbx10.pfb></opt/homebrew/Cellar/texlive/20260301/share/texmf-dist/fonts/type1/public/amsfonts/cm/cmbx12.pfb></opt/homebrew/Cellar/texlive/20260301/share/texmf-dist/fonts/type1/public/amsfonts/cm/cmbx6.pfb></opt/homebrew/Cellar/texlive/20260301/share/texmf-dist/fonts/type1/public/amsfonts/cm/cmbx8.pfb></opt/homebrew/Cellar/texlive/20260301/share/texmf-dist/fonts/type1/public/amsfonts/cm/cmex10.pfb></opt/homebrew/Cellar/texlive/20260301/share/texmf-dist/fonts/type1/public/amsfonts/cm/cmmi10.pfb></opt/homebrew/Cellar/texlive/20260301/share/texmf-dist/fonts/type1/public/amsfonts/cm/cmmi12.pfb></opt/homebrew/Cellar/texlive/20260301/share/texmf-dist/fonts/type1/public/amsfonts/cm/cmmi6.pfb></opt/homebrew/Cellar/texlive/20260301/share/texmf-dist/fonts/type1/public/amsfonts/cm/cmmi8.pfb></opt/homebrew/Cellar/texlive/20260301/share/texmf-dist/fonts/type1/public/amsfonts/cm/cmmib10.pfb></opt/homebrew/Cellar/texlive/20260301/share/texmf-dist/fonts/type1/public/amsfonts/cm/cmr10.pfb></opt/homebrew/Cellar/texlive/20260301/share/texmf-dist/fonts/type1/public/amsfonts/cm/cmr12.pfb></opt/homebrew/Cellar/texlive/20260301/share/texmf-dist/fonts/type1/public/amsfonts/cm/cmr6.pfb></opt/homebrew/Cellar/texlive/20260301/share/texmf-dist/fonts/type1/public/amsfonts/cm/cmr8.pfb></opt/homebrew/Cellar/texlive/20260301/share/texmf-dist/fonts/type1/public/amsfonts/cm/cmsy10.pfb></opt/homebrew/Cellar/texlive/20260301/share/texmf-dist/fonts/type1/public/amsfonts/cm/cmsy6.pfb></opt/homebrew/Cellar/texlive/20260301/share/texmf-dist/fonts/type1/public/amsfonts/cm/cmsy8.pfb></opt/homebrew/Cellar/texlive/20260301/share/texmf-dist/fonts/type1/public/amsfonts/symbols/msam10.pfb></opt/homebrew/Cellar/texlive/20260301/share/texmf-dist/fonts/type1/public/amsfonts/symbols/msbm10.pfb></opt/homebrew/Cellar/texlive/20260301/share/texmf-dist/fonts/type1/public/cm-super/sfbi1200.pfb></opt/homebrew/Cellar/texlive/20260301/share/texmf-dist/fonts/type1/public/cm-super/sfbx1095.pfb></opt/homebrew/Cellar/texlive/20260301/share/texmf-dist/fonts/type1/public/cm-super/sfbx1200.pfb></opt/homebrew/Cellar/texlive/20260301/share/texmf-dist/fonts/type1/public/cm-super/sfbx1440.pfb></opt/homebrew/Cellar/texlive/20260301/share/texmf-dist/fonts/type1/public/cm-super/sfbx1728.pfb></opt/homebrew/Cellar/texlive/20260301/share/texmf-dist/fonts/type1/public/cm-super/sfbx2074.pfb></opt/homebrew/Cellar/texlive/20260301/share/texmf-dist/fonts/type1/public/cm-super/sfbx2488.pfb></opt/homebrew/Cellar/texlive/20260301/share/texmf-dist/fonts/type1/public/cm-super/sfrm0600.pfb></opt/homebrew/Cellar/texlive/20260301/share/texmf-dist/fonts/type1/public/cm-super/sfrm0800.pfb></opt/homebrew/Cellar/texlive/20260301/share/texmf-dist/fonts/type1/public/cm-super/sfrm1095.pfb></opt/homebrew/Cellar/texlive/20260301/share/texmf-dist/fonts/type1/public/cm-super/sfrm1200.pfb></opt/homebrew/Cellar/texlive/20260301/share/texmf-dist/fonts/type1/public/cm-super/sfrm1440.pfb></opt/homebrew/Cellar/texlive/20260301/share/texmf-dist/fonts/type1/public/cm-super/sfti1095.pfb></opt/homebrew/Cellar/texlive/20260301/share/texmf-dist/fonts/type1/public/cm-super/sfti1200.pfb></opt/homebrew/Cellar/texlive/20260301/share/texmf-dist/fonts/type1/public/cm-super/sftt1095.pfb></opt/homebrew/Cellar/texlive/20260301/share/texmf-dist/fonts/type1/public/cm-super/sftt1200.pfb></opt/homebrew/Cellar/texlive/20260301/share/texmf-dist/fonts/type1/public/cm-super/sftt1440.pfb></opt/homebrew/Cellar/texlive/20260301/share/texmf-dist/fonts/type1/public/cm-super/sftt1728.pfb>
Output written on main.pdf (193 pages, 23536653 bytes).
PDF statistics:
 4211 PDF objects out of 4296 (max. 8388607)
 3746 compressed objects within 38 object streams
 1324 named destinations out of 1440 (max. 500000)
 3688 words of extra memory for PDF output out of 10000 (max. 10000000)

